Time,D1_PosX,D1_PosY,D1_PosZ,D1_VelX,D1_VelY,D1_VelZ,D1_Qw,D1_Qx,D1_Qy,D1_Qz,D1_RateP,D1_RateQ,D1_RateR,D2_PosX,D2_PosY,D2_PosZ,D2_VelX,D2_VelY,D2_VelZ,D2_Qw,D2_Qx,D2_Qy,D2_Qz,D2_RateP,D2_RateQ,D2_RateR
0.000000000000000000e+00,0.000000000000000000e+00,0.000000000000000000e+00,-2.999998162501688948e-05,0.000000000000000000e+00,0.000000000000000000e+00,-2.999996325005064787e-02,1.000000000000000000e+00,0.000000000000000000e+00,0.000000000000000000e+00,0.000000000000000000e+00,0.000000000000000000e+00,0.000000000000000000e+00,0.000000000000000000e+00,0.000000000000000000e+00,0.000000000000000000e+00,0.000000000000000000e+00,0.000000000000000000e+00,0.000000000000000000e+00,0.000000000000000000e+00,1.000000000000000000e+00,0.000000000000000000e+00,0.000000000000000000e+00,0.000000000000000000e+00,0.000000000000000000e+00,0.000000000000000000e+00,0.000000000000000000e+00
2.000000000000000042e-03,0.000000000000000000e+00,2.799976800120187607e-11,-1.199997079761257098e-04,0.000000000000000000e+00,-1.471431947465076314e-07,-5.999970797652758037e-02,9.999999999985671462e-01,1.692864759840891202e-06,0.000000000000000000e+00,0.000000000000000000e+00,3.385727569354472256e-03,0.000000000000000000e+00,0.000000000000000000e+00,0.000000000000000000e+00,0.000000000000000000e+00,0.000000000000000000e+00,0.000000000000000000e+00,0.000000000000000000e+00,0.000000000000000000e+00,1.000000000000000000e+00,0.000000000000000000e+00,0.000000000000000000e+00,0.000000000000000000e+00,0.000000000000000000e+00,0.000000000000000000e+00,0.000000000000000000e+00
4.000000000000000083e-03,0.000000000000000000e+00,5.736527397475488031e-10,-2.699985254609470783e-04,0.000000000000000000e+00,-1.887049311373177877e-06,-8.999901761581242943e-02,9.999999998967686876e-01,1.436882162567939704e-05,0.000000000000000000e+00,0.000000000000000000e+00,2.196610601973450483e-02,0.000000000000000000e+00,0.000000000000000000e+00,0.000000000000000000e+00,0.000000000000000000e+00,0.000000000000000000e+00,0.000000000000000000e+00,0.000000000000000000e+00,0.000000000000000000e+00,1.000000000000000000e+00,0.000000000000000000e+00,0.000000000000000000e+00,0.000000000000000000e+00,0.000000000000000000e+00,0.000000000000000000e+00,0.000000000000000000e+00
6.000000000000000125e-03,0.000000000000000000e+00,4.300648558990231083e-09,-4.799953473484235575e-04,0.000000000000000000e+00,-7.704753140722526056e-06,-1.199976754116317129e-01,9.999999988971077780e-01,4.696579504071092743e-05,0.000000000000000000e+00,0.000000000000000000e+00,4.322760501106633069e-02,0.000000000000000000e+00,0.000000000000000000e+00,0.000000000000000000e+00,0.000000000000000000e+00,0.000000000000000000e+00,0.000000000000000000e+00,0.000000000000000000e+00,0.000000000000000000e+00,1.000000000000000000e+00,0.000000000000000000e+00,0.000000000000000000e+00,0.000000000000000000e+00,0.000000000000000000e+00,0.000000000000000000e+00,0.000000000000000000e+00
8.000000000000000167e-03,0.000000000000000000e+00,1.768916616124229406e-08,-7.499886534529233255e-04,0.000000000000000000e+00,-1.933603326502109440e-05,-1.499954641493891905e-01,9.999999949873761285e-01,1.001261740225975033e-04,0.000000000000000000e+00,0.000000000000000000e+00,6.309279390598900028e-02,0.000000000000000000e+00,0.000000000000000000e+00,0.000000000000000000e+00,0.000000000000000000e+00,0.000000000000000000e+00,0.000000000000000000e+00,0.000000000000000000e+00,0.000000000000000000e+00,1.000000000000000000e+00,0.000000000000000000e+00,0.000000000000000000e+00,0.000000000000000000e+00,0.000000000000000000e+00,0.000000000000000000e+00,0.000000000000000000e+00
1.000000000000000021e-02,0.000000000000000000e+00,5.125737280904716558e-08,-1.079976489358841279e-03,0.000000000000000000e+00,-3.782570795952882128e-05,-1.799921661112716953e-01,9.999999852258454336e-01,1.718962290835611439e-04,0.000000000000000000e+00,0.000000000000000000e+00,8.044689375739555448e-02,0.000000000000000000e+00,0.000000000000000000e+00,0.000000000000000000e+00,0.000000000000000000e+00,0.000000000000000000e+00,0.000000000000000000e+00,0.000000000000000000e+00,0.000000000000000000e+00,1.000000000000000000e+00,0.000000000000000000e+00,0.000000000000000000e+00,0.000000000000000000e+00,0.000000000000000000e+00,0.000000000000000000e+00,0.000000000000000000e+00
1.200000000000000025e-02,0.000000000000000000e+00,1.192061644813220798e-07,-1.469956465274757868e-03,0.000000000000000000e+00,-6.372620400173110912e-05,-2.099875632166550155e-01,9.999999662745788775e-01,2.597130095699914042e-04,0.000000000000000000e+00,0.000000000000000000e+00,9.518623091983395568e-02,0.000000000000000000e+00,0.000000000000000000e+00,0.000000000000000000e+00,0.000000000000000000e+00,0.000000000000000000e+00,0.000000000000000000e+00,0.000000000000000000e+00,0.000000000000000000e+00,1.000000000000000000e+00,0.000000000000000000e+00,0.000000000000000000e+00,0.000000000000000000e+00,0.000000000000000000e+00,0.000000000000000000e+00,0.000000000000000000e+00
1.400000000000000029e-02,0.000000000000000000e+00,2.389210778067208102e-07,-1.919925754720835801e-03,0.000000000000000000e+00,-9.725585316001266519e-05,-2.399814372125270434e-01,9.999999348143669975e-01,3.610696181995230345e-04,0.000000000000000000e+00,0.000000000000000000e+00,1.075265705804439864e-01,0.000000000000000000e+00,0.000000000000000000e+00,0.000000000000000000e+00,0.000000000000000000e+00,0.000000000000000000e+00,0.000000000000000000e+00,0.000000000000000000e+00,0.000000000000000000e+00,1.000000000000000000e+00,0.000000000000000000e+00,0.000000000000000000e+00,0.000000000000000000e+00,0.000000000000000000e+00,0.000000000000000000e+00,0.000000000000000000e+00
1.600000000000000033e-02,0.000000000000000000e+00,4.304775775384365828e-07,-2.429881093216896496e-03,0.000000000000000000e+00,-1.384055770230777842e-04,-2.699735698471141809e-01,9.999998877975779799e-01,4.737138798539225308e-04,0.000000000000000000e+00,0.000000000000000000e+00,1.177615801607867635e-01,0.000000000000000000e+00,0.000000000000000000e+00,0.000000000000000000e+00,0.000000000000000000e+00,0.000000000000000000e+00,0.000000000000000000e+00,0.000000000000000000e+00,0.000000000000000000e+00,1.000000000000000000e+00,0.000000000000000000e+00,0.000000000000000000e+00,0.000000000000000000e+00,0.000000000000000000e+00,0.000000000000000000e+00,0.000000000000000000e+00
1.800000000000000211e-02,0.000000000000000000e+00,7.161942128841251442e-07,-2.999818777076228467e-03,0.000000000000000000e+00,-1.870098792266546147e-04,-2.999637430066883215e-01,9.999998225793086393e-01,5.956856222525646737e-04,0.000000000000000000e+00,0.000000000000000000e+00,1.261815901936976514e-01,0.000000000000000000e+00,0.000000000000000000e+00,0.000000000000000000e+00,0.000000000000000000e+00,0.000000000000000000e+00,0.000000000000000000e+00,0.000000000000000000e+00,0.000000000000000000e+00,1.000000000000000000e+00,0.000000000000000000e+00,0.000000000000000000e+00,0.000000000000000000e+00,0.000000000000000000e+00,0.000000000000000000e+00,0.000000000000000000e+00
2.000000000000000042e-02,0.000000000000000000e+00,1.120242845924867839e-06,-3.629734662361261237e-03,0.000000000000000000e+00,-2.427957272360489369e-04,-3.299517388140371654e-01,9.999997369691729920e-01,7.253010372230368546e-04,0.000000000000000000e+00,0.000000000000000000e+00,1.330489935852310901e-01,0.000000000000000000e+00,0.000000000000000000e+00,0.000000000000000000e+00,0.000000000000000000e+00,0.000000000000000000e+00,0.000000000000000000e+00,0.000000000000000000e+00,0.000000000000000000e+00,1.000000000000000000e+00,0.000000000000000000e+00,0.000000000000000000e+00,0.000000000000000000e+00,0.000000000000000000e+00,0.000000000000000000e+00,0.000000000000000000e+00
2.199999999999999872e-02,0.000000000000000000e+00,1.668313486039034436e-06,-4.319624164024813036e-03,0.000000000000000000e+00,-3.054176076879023248e-04,-3.599373396931139779e-01,9.999996292341648552e-01,8.611222578205393044e-04,0.000000000000000000e+00,0.000000000000000000e+00,1.385932770354482702e-01,0.000000000000000000e+00,0.000000000000000000e+00,0.000000000000000000e+00,0.000000000000000000e+00,0.000000000000000000e+00,0.000000000000000000e+00,0.000000000000000000e+00,0.000000000000000000e+00,1.000000000000000000e+00,0.000000000000000000e+00,0.000000000000000000e+00,0.000000000000000000e+00,0.000000000000000000e+00,0.000000000000000000e+00,0.000000000000000000e+00
2.400000000000000050e-02,0.000000000000000000e+00,2.387327913120254039e-06,-5.069482255240439182e-03,0.000000000000000000e+00,-3.744834384493786364e-04,-3.899203284059808983e-01,9.999994980728204030e-01,1.001925205556417672e-03,0.000000000000000000e+00,0.000000000000000000e+00,1.430125291131375820e-01,0.000000000000000000e+00,0.000000000000000000e+00,0.000000000000000000e+00,0.000000000000000000e+00,0.000000000000000000e+00,0.000000000000000000e+00,0.000000000000000000e+00,0.000000000000000000e+00,1.000000000000000000e+00,0.000000000000000000e+00,0.000000000000000000e+00,0.000000000000000000e+00,0.000000000000000000e+00,0.000000000000000000e+00,0.000000000000000000e+00
2.600000000000000228e-02,0.000000000000000000e+00,3.305195780460375610e-06,-5.879303466913441724e-03,0.000000000000000000e+00,-4.495740331775899636e-04,-4.199004880681983520e-01,9.999993425738944453e-01,1.146669869335951433e-03,0.000000000000000000e+00,0.000000000000000000e+00,1.464767951238992727e-01,0.000000000000000000e+00,0.000000000000000000e+00,0.000000000000000000e+00,0.000000000000000000e+00,0.000000000000000000e+00,0.000000000000000000e+00,0.000000000000000000e+00,0.000000000000000000e+00,1.000000000000000000e+00,0.000000000000000000e+00,0.000000000000000000e+00,0.000000000000000000e+00,0.000000000000000000e+00,0.000000000000000000e+00,0.000000000000000000e+00
2.800000000000000058e-02,0.000000000000000000e+00,4.450607318232798402e-06,-6.749081887357515248e-03,0.000000000000000000e+00,-5.302577796870139694e-04,-4.498776021482500109e-01,9.999991621680976994e-01,1.294474068134212133e-03,0.000000000000000000e+00,0.000000000000000000e+00,1.491316894134310511e-01,0.000000000000000000e+00,0.000000000000000000e+00,0.000000000000000000e+00,0.000000000000000000e+00,0.000000000000000000e+00,0.000000000000000000e+00,0.000000000000000000e+00,0.000000000000000000e+00,1.000000000000000000e+00,0.000000000000000000e+00,0.000000000000000000e+00,0.000000000000000000e+00,0.000000000000000000e+00,0.000000000000000000e+00,0.000000000000000000e+00
2.999999999999999889e-02,0.000000000000000000e+00,5.852857431711273642e-06,-7.678811162118920515e-03,0.000000000000000000e+00,-6.161016470487083166e-04,-4.798514544557912487e-01,9.999989565783165002e-01,1.444590699363130929e-03,0.000000000000000000e+00,0.000000000000000000e+00,1.511017542546505832e-01,0.000000000000000000e+00,0.000000000000000000e+00,0.000000000000000000e+00,0.000000000000000000e+00,0.000000000000000000e+00,0.000000000000000000e+00,0.000000000000000000e+00,0.000000000000000000e+00,1.000000000000000000e+00,0.000000000000000000e+00,0.000000000000000000e+00,0.000000000000000000e+00,0.000000000000000000e+00,0.000000000000000000e+00,0.000000000000000000e+00
3.200000000000000067e-02,0.000000000000000000e+00,7.541696674199439565e-06,-8.668484493929214107e-03,0.000000000000000000e+00,-7.066793277996411514e-04,-5.098218291226461751e-01,9.999987257716260736e-01,1.596388152866587244e-03,0.000000000000000000e+00,0.000000000000000000e+00,1.524934320982511693e-01,0.000000000000000000e+00,0.000000000000000000e+00,0.000000000000000000e+00,0.000000000000000000e+00,0.000000000000000000e+00,0.000000000000000000e+00,0.000000000000000000e+00,0.000000000000000000e+00,1.000000000000000000e+00,0.000000000000000000e+00,0.000000000000000000e+00,0.000000000000000000e+00,0.000000000000000000e+00,0.000000000000000000e+00,0.000000000000000000e+00
3.400000000000000244e-02,0.000000000000000000e+00,9.547205201309439307e-06,-9.718094642768088792e-03,0.000000000000000000e+00,-8.015771295622274150e-04,-5.397885105796518257e-01,9.999984699149853107e-01,1.749333501269917986e-03,0.000000000000000000e+00,0.000000000000000000e+00,1.533976459605261300e-01,0.000000000000000000e+00,0.000000000000000000e+00,0.000000000000000000e+00,0.000000000000000000e+00,0.000000000000000000e+00,0.000000000000000000e+00,0.000000000000000000e+00,0.000000000000000000e+00,1.000000000000000000e+00,0.000000000000000000e+00,0.000000000000000000e+00,0.000000000000000000e+00,0.000000000000000000e+00,0.000000000000000000e+00,0.000000000000000000e+00
3.600000000000000422e-02,0.000000000000000000e+00,1.189968636414738951e-05,-1.082763392601916556e-02,0.000000000000000000e+00,-9.003980984596114028e-04,-5.697512835317052327e-01,9.999981893355566198e-01,1.902978092038547404e-03,0.000000000000000000e+00,0.000000000000000000e+00,1.538920224142115711e-01,0.000000000000000000e+00,0.000000000000000000e+00,0.000000000000000000e+00,0.000000000000000000e+00,0.000000000000000000e+00,0.000000000000000000e+00,0.000000000000000000e+00,0.000000000000000000e+00,1.000000000000000000e+00,0.000000000000000000e+00,0.000000000000000000e+00,0.000000000000000000e+00,0.000000000000000000e+00,0.000000000000000000e+00,0.000000000000000000e+00
3.799999999999999906e-02,0.000000000000000000e+00,1.462957707602985022e-05,-1.199709421870331742e-02,0.000000000000000000e+00,-1.002764758970257474e-03,-5.997099329327399975e-01,9.999978844859782612e-01,2.056945205560936022e-03,0.000000000000000000e+00,0.000000000000000000e+00,1.540428006262678784e-01,0.000000000000000000e+00,0.000000000000000000e+00,0.000000000000000000e+00,0.000000000000000000e+00,0.000000000000000000e+00,0.000000000000000000e+00,0.000000000000000000e+00,0.000000000000000000e+00,1.000000000000000000e+00,0.000000000000000000e+00,0.000000000000000000e+00,0.000000000000000000e+00,0.000000000000000000e+00,0.000000000000000000e+00,0.000000000000000000e+00
4.000000000000000083e-02,0.000000000000000000e+00,1.776737249793990757e-05,-1.322646695377595848e-02,0.000000000000000000e+00,-1.108320778873318584e-03,-6.296642439618408416e-01,9.999975559145308779e-01,2.210919486390566704e-03,0.000000000000000000e+00,0.000000000000000000e+00,1.539064696301827573e-01,0.000000000000000000e+00,0.000000000000000000e+00,0.000000000000000000e+00,0.000000000000000000e+00,0.000000000000000000e+00,0.000000000000000000e+00,0.000000000000000000e+00,0.000000000000000000e+00,1.000000000000000000e+00,0.000000000000000000e+00,0.000000000000000000e+00,0.000000000000000000e+00,0.000000000000000000e+00,0.000000000000000000e+00,0.000000000000000000e+00
4.200000000000000261e-02,0.000000000000000000e+00,2.134356294040471225e-05,-1.451574312247661848e-02,0.000000000000000000e+00,-1.216731807272684440e-03,-6.596140020012916105e-01,9.999972042399103422e-01,2.364637894835229081e-03,0.000000000000000000e+00,0.000000000000000000e+00,1.535311717473326898e-01,0.000000000000000000e+00,0.000000000000000000e+00,0.000000000000000000e+00,0.000000000000000000e+00,0.000000000000000000e+00,0.000000000000000000e+00,0.000000000000000000e+00,0.000000000000000000e+00,1.000000000000000000e+00,0.000000000000000000e+00,0.000000000000000000e+00,0.000000000000000000e+00,0.000000000000000000e+00,0.000000000000000000e+00,0.000000000000000000e+00
4.399999999999999745e-02,0.000000000000000000e+00,2.538858118174388946e-05,-1.586491327472087584e-02,0.000000000000000000e+00,-1.327685684632692658e-03,-6.895589926170374584e-01,9.999968301301950246e-01,2.517881961597433216e-03,0.000000000000000000e+00,0.000000000000000000e+00,1.529579052707788767e-01,0.000000000000000000e+00,0.000000000000000000e+00,0.000000000000000000e+00,0.000000000000000000e+00,0.000000000000000000e+00,0.000000000000000000e+00,0.000000000000000000e+00,0.000000000000000000e+00,1.000000000000000000e+00,0.000000000000000000e+00,0.000000000000000000e+00,0.000000000000000000e+00,0.000000000000000000e+00,0.000000000000000000e+00,0.000000000000000000e+00
4.599999999999999922e-02,0.000000000000000000e+00,2.993275866173553950e-05,-1.727396751952636408e-02,0.000000000000000000e+00,-1.440892183877353488e-03,-7.194990015418003537e-01,9.999964342855426347e-01,2.670471159024682094e-03,0.000000000000000000e+00,0.000000000000000000e+00,1.522215550058720890e-01,0.000000000000000000e+00,0.000000000000000000e+00,0.000000000000000000e+00,0.000000000000000000e+00,0.000000000000000000e+00,0.000000000000000000e+00,0.000000000000000000e+00,0.000000000000000000e+00,1.000000000000000000e+00,0.000000000000000000e+00,0.000000000000000000e+00,0.000000000000000000e+00,0.000000000000000000e+00,0.000000000000000000e+00,0.000000000000000000e+00
4.800000000000000100e-02,0.000000000000000000e+00,3.500628923179476779e-05,-1.874289552546600651e-02,0.000000000000000000e+00,-1.556082409136828014e-03,-7.494338146609174078e-01,9.999960174241412370e-01,2.822257229115700261e-03,0.000000000000000000e+00,0.000000000000000000e+00,1.513517752467703203e-01,0.000000000000000000e+00,0.000000000000000000e+00,0.000000000000000000e+00,0.000000000000000000e+00,0.000000000000000000e+00,0.000000000000000000e+00,0.000000000000000000e+00,0.000000000000000000e+00,1.000000000000000000e+00,0.000000000000000000e+00,0.000000000000000000e+00,0.000000000000000000e+00,0.000000000000000000e+00,0.000000000000000000e+00,0.000000000000000000e+00
5.000000000000000278e-02,0.000000000000000000e+00,4.063919933303717931e-05,-2.027168652114290023e-02,0.000000000000000000e+00,-1.673007952310585217e-03,-7.793632180008461807e-01,9.999955802709593611e-01,2.973119331262907058e-03,0.000000000000000000e+00,0.000000000000000000e+00,1.503737462774395184e-01,0.000000000000000000e+00,0.000000000000000000e+00,0.000000000000000000e+00,0.000000000000000000e+00,0.000000000000000000e+00,0.000000000000000000e+00,0.000000000000000000e+00,0.000000000000000000e+00,1.000000000000000000e+00,0.000000000000000000e+00,0.000000000000000000e+00,0.000000000000000000e+00,0.000000000000000000e+00,0.000000000000000000e+00,0.000000000000000000e+00
5.200000000000000455e-02,0.000000000000000000e+00,4.686132363664138894e-05,-2.186032929568234445e-02,0.000000000000000000e+00,-1.791439886167875330e-03,-8.092869977202047371e-01,9.999951235488709900e-01,3.122959892296159508e-03,0.000000000000000000e+00,0.000000000000000000e+00,1.493088224776431827e-01,0.000000000000000000e+00,0.000000000000000000e+00,0.000000000000000000e+00,0.000000000000000000e+00,0.000000000000000000e+00,0.000000000000000000e+00,0.000000000000000000e+00,0.000000000000000000e+00,1.000000000000000000e+00,0.000000000000000000e+00,0.000000000000000000e+00,0.000000000000000000e+00,0.000000000000000000e+00,0.000000000000000000e+00,0.000000000000000000e+00
5.399999999999999939e-02,0.000000000000000000e+00,5.370228532062044409e-05,-2.350881219923747767e-02,0.000000000000000000e+00,-1.911167655335273318e-03,-8.392049401031589362e-01,9.999946479717761738e-01,3.271701058181775926e-03,0.000000000000000000e+00,0.000000000000000000e+00,1.481750875312307925e-01,0.000000000000000000e+00,0.000000000000000000e+00,0.000000000000000000e+00,0.000000000000000000e+00,0.000000000000000000e+00,0.000000000000000000e+00,0.000000000000000000e+00,0.000000000000000000e+00,1.000000000000000000e+00,0.000000000000000000e+00,0.000000000000000000e+00,0.000000000000000000e+00,0.000000000000000000e+00,0.000000000000000000e+00,0.000000000000000000e+00
5.600000000000000117e-02,0.000000000000000000e+00,6.119148027679803146e-05,-2.521712314350572220e-02,0.000000000000000000e+00,-2.031997912497975414e-03,-8.691168315549464563e-01,9.999941542393798732e-01,3.419281661120549508e-03,0.000000000000000000e+00,0.000000000000000000e+00,1.469878300187830444e-01,0.000000000000000000e+00,0.000000000000000000e+00,0.000000000000000000e+00,0.000000000000000000e+00,0.000000000000000000e+00,0.000000000000000000e+00,0.000000000000000000e+00,0.000000000000000000e+00,1.000000000000000000e+00,0.000000000000000000e+00,0.000000000000000000e+00,0.000000000000000000e+00,0.000000000000000000e+00,0.000000000000000000e+00,0.000000000000000000e+00
5.800000000000000294e-02,0.000000000000000000e+00,6.935806464432020654e-05,-2.698524960225393010e-02,0.000000000000000000e+00,-2.153753335863534037e-03,-8.990224585993135120e-01,9.999936430333363768e-01,3.565654628121129894e-03,0.000000000000000000e+00,0.000000000000000000e+00,1.457599507779256953e-01,0.000000000000000000e+00,0.000000000000000000e+00,0.000000000000000000e+00,0.000000000000000000e+00,0.000000000000000000e+00,0.000000000000000000e+00,0.000000000000000000e+00,0.000000000000000000e+00,1.000000000000000000e+00,0.000000000000000000e+00,0.000000000000000000e+00,0.000000000000000000e+00,0.000000000000000000e+00,0.000000000000000000e+00,0.000000000000000000e+00
5.999999999999999778e-02,0.000000000000000000e+00,7.823094515386837971e-05,-2.881317861185062057e-02,0.000000000000000000e+00,-2.276271454905772623e-03,-9.289216078776414420e-01,9.999931150145078274e-01,3.710784767694841248e-03,0.000000000000000000e+00,0.000000000000000000e+00,1.445023117874701390e-01,0.000000000000000000e+00,0.000000000000000000e+00,0.000000000000000000e+00,0.000000000000000000e+00,0.000000000000000000e+00,0.000000000000000000e+00,0.000000000000000000e+00,0.000000000000000000e+00,1.000000000000000000e+00,0.000000000000000000e+00,0.000000000000000000e+00,0.000000000000000000e+00,0.000000000000000000e+00,0.000000000000000000e+00,0.000000000000000000e+00
6.199999999999999956e-02,0.000000000000000000e+00,8.783877184197495845e-05,-3.070089677180416754e-02,0.000000000000000000e+00,-2.399403504211261324e-03,-9.588140661495504480e-01,9.999925708211229169e-01,3.854646880376911330e-03,0.000000000000000000e+00,0.000000000000000000e+00,1.432240349371330934e-01,0.000000000000000000e+00,0.000000000000000000e+00,0.000000000000000000e+00,0.000000000000000000e+00,0.000000000000000000e+00,0.000000000000000000e+00,0.000000000000000000e+00,0.000000000000000000e+00,1.000000000000000000e+00,0.000000000000000000e+00,0.000000000000000000e+00,0.000000000000000000e+00,0.000000000000000000e+00,0.000000000000000000e+00,0.000000000000000000e+00
6.400000000000000133e-02,0.000000000000000000e+00,9.820993275927953150e-05,-3.264839024530611505e-02,0.000000000000000000e+00,-2.523013319551261919e-03,-9.886996202947784251e-01,9.999920110676551177e-01,3.997224146543319756e-03,0.000000000000000000e+00,0.000000000000000000e+00,1.419327578496374365e-01,0.000000000000000000e+00,0.000000000000000000e+00,0.000000000000000000e+00,0.000000000000000000e+00,0.000000000000000000e+00,0.000000000000000000e+00,0.000000000000000000e+00,0.000000000000000000e+00,1.000000000000000000e+00,0.000000000000000000e+00,0.000000000000000000e+00,0.000000000000000000e+00,0.000000000000000000e+00,0.000000000000000000e+00,0.000000000000000000e+00
6.600000000000000311e-02,0.000000000000000000e+00,1.093725503517455224e-04,-3.465564475977915559e-02,0.000000000000000000e+00,-2.646976285818445837e-03,-1.018578057316152696e+00,9.999914363442706788e-01,4.138506751647188196e-03,0.000000000000000000e+00,0.000000000000000000e+00,1.406348528979222690e-01,0.000000000000000000e+00,0.000000000000000000e+00,0.000000000000000000e+00,0.000000000000000000e+00,0.000000000000000000e+00,0.000000000000000000e+00,0.000000000000000000e+00,0.000000000000000000e+00,1.000000000000000000e+00,0.000000000000000000e+00,0.000000000000000000e+00,0.000000000000000000e+00,0.000000000000000000e+00,0.000000000000000000e+00,0.000000000000000000e+00
6.800000000000000488e-02,0.000000000000000000e+00,1.213544792411061539e-04,-3.672264560742940359e-02,0.000000000000000000e+00,-2.771178342969341304e-03,-1.048449164343487228e+00,9.999908472167209350e-01,4.278490714702478000e-03,0.000000000000000000e+00,0.000000000000000000e+00,1.393356146825124875e-01,0.000000000000000000e+00,0.000000000000000000e+00,0.000000000000000000e+00,0.000000000000000000e+00,0.000000000000000000e+00,0.000000000000000000e+00,0.000000000000000000e+00,0.000000000000000000e+00,1.000000000000000000e+00,0.000000000000000000e+00,0.000000000000000000e+00,0.000000000000000000e+00,0.000000000000000000e+00,0.000000000000000000e+00,0.000000000000000000e+00
7.000000000000000666e-02,0.000000000000000000e+00,1.341833051712599384e-04,-3.884937764580294328e-02,0.000000000000000000e+00,-2.895515053410844305e-03,-1.078312728638257223e+00,9.999902442265760083e-01,4.417176890731681210e-03,0.000000000000000000e+00,0.000000000000000000e+00,1.380394204818727877e-01,0.000000000000000000e+00,0.000000000000000000e+00,0.000000000000000000e+00,0.000000000000000000e+00,0.000000000000000000e+00,0.000000000000000000e+00,0.000000000000000000e+00,0.000000000000000000e+00,1.000000000000000000e+00,0.000000000000000000e+00,0.000000000000000000e+00,0.000000000000000000e+00,0.000000000000000000e+00,0.000000000000000000e+00,0.000000000000000000e+00
7.200000000000000844e-02,0.000000000000000000e+00,1.478863449219609881e-04,-4.103582529834660930e-02,0.000000000000000000e+00,-3.019890732206717901e-03,-1.108168537598920533e+00,9.999896278917167480e-01,4.554570122084593276e-03,0.000000000000000000e+00,0.000000000000000000e+00,1.367498675438344191e-01,0.000000000000000000e+00,0.000000000000000000e+00,0.000000000000000000e+00,0.000000000000000000e+00,0.000000000000000000e+00,0.000000000000000000e+00,0.000000000000000000e+00,0.000000000000000000e+00,1.000000000000000000e+00,0.000000000000000000e+00,0.000000000000000000e+00,0.000000000000000000e+00,0.000000000000000000e+00,0.000000000000000000e+00,0.000000000000000000e+00
7.399999999999999634e-02,0.000000000000000000e+00,1.624906470207822457e-04,-4.328197255497311796e-02,0.000000000000000000e+00,-3.144217639930444938e-03,-1.138016378766770531e+00,9.999889987070158526e-01,4.690678517127034979e-03,0.000000000000000000e+00,0.000000000000000000e+00,1.354698905335641745e-01,0.000000000000000000e+00,0.000000000000000000e+00,0.000000000000000000e+00,0.000000000000000000e+00,0.000000000000000000e+00,0.000000000000000000e+00,0.000000000000000000e+00,0.000000000000000000e+00,1.000000000000000000e+00,0.000000000000000000e+00,0.000000000000000000e+00,0.000000000000000000e+00,0.000000000000000000e+00,0.000000000000000000e+00,0.000000000000000000e+00
7.599999999999999811e-02,0.000000000000000000e+00,1.780229931096835030e-04,-4.558780297263081288e-02,0.000000000000000000e+00,-3.268415236850030249e-03,-1.167856039832223081e+00,9.999883571451533282e-01,4.825512837876987093e-03,0.000000000000000000e+00,0.000000000000000000e+00,1.342018619798712453e-01,0.000000000000000000e+00,0.000000000000000000e+00,0.000000000000000000e+00,0.000000000000000000e+00,0.000000000000000000e+00,0.000000000000000000e+00,0.000000000000000000e+00,0.000000000000000000e+00,1.000000000000000000e+00,0.000000000000000000e+00,0.000000000000000000e+00,0.000000000000000000e+00,0.000000000000000000e+00,0.000000000000000000e+00,0.000000000000000000e+00
7.799999999999999989e-02,0.000000000000000000e+00,1.945098998442051073e-04,-4.795329967587823317e-02,0.000000000000000000e+00,-3.392409496313557402e-03,-1.197687308641450343e+00,9.999877036575230971e-01,4.959085980804381517e-03,0.000000000000000000e+00,0.000000000000000000e+00,1.329476781556243326e-01,0.000000000000000000e+00,0.000000000000000000e+00,0.000000000000000000e+00,0.000000000000000000e+00,0.000000000000000000e+00,0.000000000000000000e+00,0.000000000000000000e+00,0.000000000000000000e+00,1.000000000000000000e+00,0.000000000000000000e+00,0.000000000000000000e+00,0.000000000000000000e+00,0.000000000000000000e+00,0.000000000000000000e+00,0.000000000000000000e+00
8.000000000000000167e-02,0.000000000000000000e+00,2.119776212218547125e-04,-5.037844535746378860e-02,0.000000000000000000e+00,-3.516132274642522638e-03,-1.227509973203289917e+00,9.999870386751953388e-01,5.091412537272540714e-03,0.000000000000000000e+00,0.000000000000000000e+00,1.317088324800342880e-01,0.000000000000000000e+00,0.000000000000000000e+00,0.000000000000000000e+00,0.000000000000000000e+00,0.000000000000000000e+00,0.000000000000000000e+00,0.000000000000000000e+00,0.000000000000000000e+00,1.000000000000000000e+00,0.000000000000000000e+00,0.000000000000000000e+00,0.000000000000000000e+00,0.000000000000000000e+00,0.000000000000000000e+00,0.000000000000000000e+00
8.200000000000000344e-02,0.000000000000000000e+00,2.304521512521114709e-04,-5.286322227891089576e-02,0.000000000000000000e+00,-3.639520734477324701e-03,-1.257323821696365584e+00,9.999863626099073644e-01,5.222508422037832471e-03,0.000000000000000000e+00,0.000000000000000000e+00,1.304864782322193717e-01,0.000000000000000000e+00,0.000000000000000000e+00,0.000000000000000000e+00,0.000000000000000000e+00,0.000000000000000000e+00,0.000000000000000000e+00,0.000000000000000000e+00,0.000000000000000000e+00,1.000000000000000000e+00,0.000000000000000000e+00,0.000000000000000000e+00,0.000000000000000000e+00,0.000000000000000000e+00,0.000000000000000000e+00,0.000000000000000000e+00
8.400000000000000522e-02,0.000000000000000000e+00,2.499592268940220271e-04,-5.540761227110887338e-02,0.000000000000000000e+00,-3.762516818310618957e-03,-1.287128642476370377e+00,9.999856758550623725e-01,5.352390559885669349e-03,0.000000000000000000e+00,0.000000000000000000e+00,1.292814821097539035e-01,0.000000000000000000e+00,0.000000000000000000e+00,0.000000000000000000e+00,0.000000000000000000e+00,0.000000000000000000e+00,0.000000000000000000e+00,0.000000000000000000e+00,0.000000000000000000e+00,1.000000000000000000e+00,0.000000000000000000e+00,0.000000000000000000e+00,0.000000000000000000e+00,0.000000000000000000e+00,0.000000000000000000e+00,0.000000000000000000e+00
8.600000000000000699e-02,0.000000000000000000e+00,2.705243311989393275e-04,-5.801159673490995095e-02,0.000000000000000000e+00,-3.885066768853244479e-03,-1.316924224083465544e+00,9.999849787867196582e-01,5.481076621905063562e-03,0.000000000000000000e+00,0.000000000000000000e+00,1.280944699466921022e-01,0.000000000000000000e+00,0.000000000000000000e+00,0.000000000000000000e+00,0.000000000000000000e+00,0.000000000000000000e+00,0.000000000000000000e+00,0.000000000000000000e+00,0.000000000000000000e+00,1.000000000000000000e+00,0.000000000000000000e+00,0.000000000000000000e+00,0.000000000000000000e+00,0.000000000000000000e+00,0.000000000000000000e+00,0.000000000000000000e+00
8.799999999999999489e-02,0.000000000000000000e+00,2.921726966058388157e-04,-6.067515664173270262e-02,0.000000000000000000e+00,-4.007120692874963433e-03,-1.346710355249759461e+00,9.999842717645645029e-01,5.608584804124495081e-03,0.000000000000000000e+00,0.000000000000000000e+00,1.269258657176556282e-01,0.000000000000000000e+00,0.000000000000000000e+00,0.000000000000000000e+00,0.000000000000000000e+00,0.000000000000000000e+00,0.000000000000000000e+00,0.000000000000000000e+00,0.000000000000000000e+00,1.000000000000000000e+00,0.000000000000000000e+00,0.000000000000000000e+00,0.000000000000000000e+00,0.000000000000000000e+00,0.000000000000000000e+00,0.000000000000000000e+00
8.999999999999999667e-02,0.000000000000000000e+00,3.149293083450837661e-04,-6.339827253417222586e-02,0.000000000000000000e+00,-4.128632165225137526e-03,-1.376486824906837825e+00,9.999835551328482008e-01,5.734933642277895149e-03,0.000000000000000000e+00,0.000000000000000000e+00,1.257759247934984170e-01,0.000000000000000000e+00,0.000000000000000000e+00,0.000000000000000000e+00,0.000000000000000000e+00,0.000000000000000000e+00,0.000000000000000000e+00,0.000000000000000000e+00,0.000000000000000000e+00,1.000000000000000000e+00,0.000000000000000000e+00,0.000000000000000000e+00,0.000000000000000000e+00,0.000000000000000000e+00,0.000000000000000000e+00,0.000000000000000000e+00
9.199999999999999845e-02,0.000000000000000000e+00,3.388189079137052164e-04,-6.618092452661737679e-02,0.000000000000000000e+00,-4.249557869848269963e-03,-1.406253422193318503e+00,9.999828292212936676e-01,5.860141857366021195e-03,0.000000000000000000e+00,0.000000000000000000e+00,1.246447622759910695e-01,0.000000000000000000e+00,0.000000000000000000e+00,0.000000000000000000e+00,0.000000000000000000e+00,0.000000000000000000e+00,0.000000000000000000e+00,0.000000000000000000e+00,0.000000000000000000e+00,1.000000000000000000e+00,0.000000000000000000e+00,0.000000000000000000e+00,0.000000000000000000e+00,0.000000000000000000e+00,0.000000000000000000e+00,0.000000000000000000e+00
9.400000000000000022e-02,0.000000000000000000e+00,3.638659965913968093e-04,-6.902309230587544420e-02,0.000000000000000000e+00,-4.369857274751615117e-03,-1.436009936462411929e+00,9.999820943459604150e-01,5.984228227446773511e-03,0.000000000000000000e+00,0.000000000000000000e+00,1.235323771206086607e-01,0.000000000000000000e+00,0.000000000000000000e+00,0.000000000000000000e+00,0.000000000000000000e+00,0.000000000000000000e+00,0.000000000000000000e+00,0.000000000000000000e+00,0.000000000000000000e+00,1.000000000000000000e+00,0.000000000000000000e+00,0.000000000000000000e+00,0.000000000000000000e+00,0.000000000000000000e+00,0.000000000000000000e+00,0.000000000000000000e+00
9.600000000000000200e-02,0.000000000000000000e+00,3.900948389716485105e-04,-7.192475513180437985e-02,0.000000000000000000e+00,-4.489492338045432233e-03,-1.465756157289469508e+00,9.999813508100682258e-01,6.107211481746355024e-03,0.000000000000000000e+00,0.000000000000000000e+00,1.224386726550599352e-01,0.000000000000000000e+00,0.000000000000000000e+00,0.000000000000000000e+00,0.000000000000000000e+00,0.000000000000000000e+00,0.000000000000000000e+00,0.000000000000000000e+00,0.000000000000000000e+00,1.000000000000000000e+00,0.000000000000000000e+00,0.000000000000000000e+00,0.000000000000000000e+00,0.000000000000000000e+00,0.000000000000000000e+00,0.000000000000000000e+00
9.800000000000000377e-02,0.000000000000000000e+00,4.175294664868891355e-04,-7.488589183795296700e-02,0.000000000000000000e+00,-4.608427242352237246e-03,-1.495491874479508265e+00,9.999805989047769739e-01,6.229110213747327505e-03,0.000000000000000000e+00,0.000000000000000000e+00,1.213634740142160023e-01,0.000000000000000000e+00,0.000000000000000000e+00,0.000000000000000000e+00,0.000000000000000000e+00,0.000000000000000000e+00,0.000000000000000000e+00,0.000000000000000000e+00,0.000000000000000000e+00,1.000000000000000000e+00,0.000000000000000000e+00,0.000000000000000000e+00,0.000000000000000000e+00,0.000000000000000000e+00,0.000000000000000000e+00,0.000000000000000000e+00
1.000000000000000056e-01,0.000000000000000000e+00,4.461936809102883331e-04,-7.790648083220920450e-02,0.000000000000000000e+00,-4.726628155062804690e-03,-1.525216878074700411e+00,9.999798389099233686e-01,6.349942810393010423e-03,0.000000000000000000e+00,0.000000000000000000e+00,1.203065429375646256e-01,0.000000000000000000e+00,0.000000000000000000e+00,0.000000000000000000e+00,0.000000000000000000e+00,0.000000000000000000e+00,0.000000000000000000e+00,0.000000000000000000e+00,0.000000000000000000e+00,1.000000000000000000e+00,0.000000000000000000e+00,0.000000000000000000e+00,0.000000000000000000e+00,0.000000000000000000e+00,0.000000000000000000e+00,0.000000000000000000e+00
1.020000000000000073e-01,0.000000000000000000e+00,4.761110578200794898e-04,-8.098650009745704537e-02,0.000000000000000000e+00,-4.844063012098756907e-03,-1.554930958361819604e+00,9.999790710947137340e-01,6.469727394961852923e-03,0.000000000000000000e+00,0.000000000000000000e+00,1.192675903114158581e-01,0.000000000000000000e+00,0.000000000000000000e+00,0.000000000000000000e+00,0.000000000000000000e+00,0.000000000000000000e+00,0.000000000000000000e+00,0.000000000000000000e+00,0.000000000000000000e+00,1.000000000000000000e+00,0.000000000000000000e+00,0.000000000000000000e+00,0.000000000000000000e+00,0.000000000000000000e+00,0.000000000000000000e+00,0.000000000000000000e+00
1.040000000000000091e-01,0.000000000000000000e+00,5.073049500149882061e-04,-8.412592719224176729e-02,0.000000000000000000e+00,-4.960701323020495421e-03,-1.584633905879638149e+00,9.999782957183751542e-01,6.588481781520228939e-03,0.000000000000000000e+00,0.000000000000000000e+00,1.182462867833040665e-01,0.000000000000000000e+00,0.000000000000000000e+00,0.000000000000000000e+00,0.000000000000000000e+00,0.000000000000000000e+00,0.000000000000000000e+00,0.000000000000000000e+00,0.000000000000000000e+00,1.000000000000000000e+00,0.000000000000000000e+00,0.000000000000000000e+00,0.000000000000000000e+00,0.000000000000000000e+00,0.000000000000000000e+00,0.000000000000000000e+00
1.059999999999999970e-01,0.000000000000000000e+00,5.397984908716587206e-04,-8.732473925144416949e-02,0.000000000000000000e+00,-5.076513995492391157e-03,-1.614325511426269788e+00,9.999775130307658744e-01,6.706223439166101793e-03,0.000000000000000000e+00,0.000000000000000000e+00,1.172422717291033423e-01,0.000000000000000000e+00,0.000000000000000000e+00,0.000000000000000000e+00,0.000000000000000000e+00,0.000000000000000000e+00,0.000000000000000000e+00,0.000000000000000000e+00,0.000000000000000000e+00,1.000000000000000000e+00,0.000000000000000000e+00,0.000000000000000000e+00,0.000000000000000000e+00,0.000000000000000000e+00,0.000000000000000000e+00,0.000000000000000000e+00
1.079999999999999988e-01,0.000000000000000000e+00,5.736145976369216816e-04,-9.058291298696379001e-02,0.000000000000000000e+00,-5.191473177282651501e-03,-1.644005566066455204e+00,9.999767232729457334e-01,6.822969464536397972e-03,0.000000000000000000e+00,0.000000000000000000e+00,1.162551608131175834e-01,0.000000000000000000e+00,0.000000000000000000e+00,0.000000000000000000e+00,0.000000000000000000e+00,0.000000000000000000e+00,0.000000000000000000e+00,0.000000000000000000e+00,0.000000000000000000e+00,1.000000000000000000e+00,0.000000000000000000e+00,0.000000000000000000e+00,0.000000000000000000e+00,0.000000000000000000e+00,0.000000000000000000e+00,0.000000000000000000e+00
1.100000000000000006e-01,0.000000000000000000e+00,6.087759746493934037e-04,-9.390042468841124090e-02,0.000000000000000000e+00,-5.305552114131899949e-03,-1.673673861138787133e+00,9.999759266777099587e-01,6.938736561273932749e-03,0.000000000000000000e+00,0.000000000000000000e+00,1.152845523469302330e-01,0.000000000000000000e+00,0.000000000000000000e+00,0.000000000000000000e+00,0.000000000000000000e+00,0.000000000000000000e+00,0.000000000000000000e+00,0.000000000000000000e+00,0.000000000000000000e+00,1.000000000000000000e+00,0.000000000000000000e+00,0.000000000000000000e+00,0.000000000000000000e+00,0.000000000000000000e+00,0.000000000000000000e+00,0.000000000000000000e+00
1.120000000000000023e-01,0.000000000000000000e+00,6.453051164862841490e-04,-9.727725022380993847e-02,0.000000000000000000e+00,-5.418725021971531469e-03,-1.703330188262874634e+00,9.999751234700867686e-01,7.053541025340762452e-03,0.000000000000000000e+00,0.000000000000000000e+00,1.143300326232327968e-01,0.000000000000000000e+00,0.000000000000000000e+00,0.000000000000000000e+00,0.000000000000000000e+00,0.000000000000000000e+00,0.000000000000000000e+00,0.000000000000000000e+00,0.000000000000000000e+00,1.000000000000000000e+00,0.000000000000000000e+00,0.000000000000000000e+00,0.000000000000000000e+00,0.000000000000000000e+00,0.000000000000000000e+00,0.000000000000000000e+00
1.140000000000000041e-01,0.000000000000000000e+00,6.832243110324591907e-04,-1.007133650403072844e-01,0.000000000000000000e+00,-5.530966972110012286e-03,-1.732974339346443626e+00,9.999743138678021115e-01,7.167398735228365340e-03,0.000000000000000000e+00,0.000000000000000000e+00,1.133911803755236619e-01,0.000000000000000000e+00,0.000000000000000000e+00,0.000000000000000000e+00,5.100835879112702326e-08,-9.809975931657211306e-05,0.000000000000000000e+00,-1.530312098681507228e-04,-9.809947996372962720e-02,9.999991551100142484e-01,1.300058920473776180e-03,0.000000000000000000e+00,0.000000000000000000e+00,2.598968837473881077e+00,0.000000000000000000e+00,0.000000000000000000e+00
1.160000000000000059e-01,0.000000000000000000e+00,7.225556424697714445e-04,-1.042087441648954227e-01,0.000000000000000000e+00,-5.642253788132370849e-03,-1.762606106592375044e+00,9.999734980817122088e-01,7.280325146255111138e-03,0.000000000000000000e+00,0.000000000000000000e+00,1.124675704928456837e-01,0.000000000000000000e+00,0.000000000000000000e+00,0.000000000000000000e+00,6.691794165042896015e-07,-3.796245888999323550e-04,0.000000000000000000e+00,-4.379289904731928557e-04,-1.834248947732086410e-01,9.999962532960575690e-01,2.737644021140614881e-03,0.000000000000000000e+00,0.000000000000000000e+00,2.773435656924689852e-01,0.000000000000000000e+00,0.000000000000000000e+00
1.180000000000000077e-01,0.000000000000000000e+00,7.633209941855012342e-04,-1.077633622051417522e-01,0.000000000000000000e+00,-5.752561953375417460e-03,-1.792225282505680806e+00,9.999726763162067877e-01,7.392335288261329615e-03,0.000000000000000000e+00,0.000000000000000000e+00,1.115587771001455147e-01,0.000000000000000000e+00,0.000000000000000000e+00,0.000000000000000000e+00,2.116713570662038291e-06,-7.846384490580621566e-04,0.000000000000000000e+00,-1.790310323346770509e-04,-2.215906698000408015e-01,9.999971767315420923e-01,2.376521072363874804e-03,0.000000000000000000e+00,0.000000000000000000e+00,-9.994087650065701656e-01,0.000000000000000000e+00,0.000000000000000000e+00
1.199999999999999956e-01,0.000000000000000000e+00,8.055420515994156242e-04,-1.113771933499292516e-01,0.000000000000000000e+00,-5.861868527948967643e-03,-1.821831659900415401e+00,9.999718487695841151e-01,7.503443766114910492e-03,0.000000000000000000e+00,0.000000000000000000e+00,1.106643760988641201e-01,0.000000000000000000e+00,0.000000000000000000e+00,1.230039569390670758e-25,3.947858293941148621e-06,-1.228146673979148805e-03,-7.966915365354831901e-21,2.591375896777796915e-04,-2.219211097318218862e-01,9.999987839115516142e-01,1.559970901969738848e-03,-1.849737681914193458e-20,-2.561037289912776160e-21,-6.337963743218651969e-01,-3.700425648453281661e-17,-5.046468293750711687e-18
1.219999999999999973e-01,0.000000000000000000e+00,8.492403049095200709e-04,-1.150502113702066703e-01,0.000000000000000000e+00,-5.970151074371988532e-03,-1.851425031906527074e+00,9.999710156344008283e-01,7.613664762528140478e-03,0.000000000000000000e+00,0.000000000000000000e+00,1.097839472487347756e-01,0.000000000000000000e+00,0.000000000000000000e+00,4.320148623372886489e-24,5.973435061722552432e-06,-1.695279775633414107e-03,-5.799389634647691439e-20,3.849467032384743404e-04,-2.452156884349620258e-01,9.999990200243853433e-01,1.400469361075537848e-03,-1.294930738683564838e-19,-1.785507829134784483e-20,3.147077523231548435e-01,-1.850326275994335666e-16,-2.523234146875355998e-17
1.239999999999999991e-01,0.000000000000000000e+00,8.944370517570379882e-04,-1.187823896197487822e-01,0.000000000000000000e+00,-6.077387590982631822e-03,-1.881005191976647506e+00,9.999701770977965642e-01,7.723012042761606341e-03,0.000000000000000000e+00,0.000000000000000000e+00,1.089170758600359473e-01,0.000000000000000000e+00,0.000000000000000000e+00,2.245188374716391469e-23,8.176590791399462367e-06,-2.186061238956129617e-03,-9.811919217291615998e-20,3.302843243639221396e-04,-2.455701972154788471e-01,9.999986652748178440e-01,1.634262327829664931e-03,-2.266065914705961587e-19,-4.318893883978137879e-20,1.528915936813202980e-01,-9.257147285068187808e-18,-2.523234146875355998e-17
1.260000000000000009e-01,0.000000000000000000e+00,9.411533998115293896e-04,-1.225737010359266715e-01,0.000000000000000000e+00,-6.183556452363057378e-03,-1.910571933892820429e+00,9.999693333417967178e-01,7.831498960855226218e-03,0.000000000000000000e+00,0.000000000000000000e+00,1.080633541555255928e-01,0.000000000000000000e+00,0.000000000000000000e+00,6.078051152233401689e-23,1.053060406470070795e-05,-2.683021672942505816e-03,-1.026594473224118051e-19,1.848429360318927051e-04,-2.513954660154297249e-01,9.999978617560252303e-01,2.068297861743421170e-03,-2.543507824499338216e-19,-7.089157853323931141e-20,7.150979354088853324e-01,-4.628505371896860264e-17,-3.027880976250427321e-17
1.280000000000000027e-01,0.000000000000000000e+00,9.894102692773645413e-04,-1.264241181404881509e-01,0.000000000000000000e+00,-6.288636356094363423e-03,-1.940125051773171627e+00,9.999684845435938829e-01,7.939138467081404901e-03,0.000000000000000000e+00,0.000000000000000000e+00,1.072223823526870373e-01,0.000000000000000000e+00,0.000000000000000000e+00,1.222265727179010385e-22,1.307262310096394757e-05,-3.186180712881516233e-03,-1.150786736879263714e-19,-9.879489927872120805e-05,-2.517699141719498268e-01,9.999960183187669438e-01,2.822183490837378364e-03,-3.006550949438787555e-19,-9.602726586814910018e-20,7.926579686489101384e-01,-4.631664892304196381e-17,-2.018587317500284983e-17
1.300000000000000044e-01,0.000000000000000000e+00,1.039228395323014455e-03,-1.303336130403483784e-01,0.000000000000000000e+00,-6.392606275224383544e-03,-1.969664340078520981e+00,9.999676308758096432e-01,8.045943116362253011e-03,0.000000000000000000e+00,0.000000000000000000e+00,1.063937695095590330e-01,0.000000000000000000e+00,0.000000000000000000e+00,2.078690222303316125e-22,1.584127407801734432e-05,-3.690096067652547975e-03,-1.348077372344213524e-19,-4.170163972646497583e-04,-2.521526887751706081e-01,9.999931310413809893e-01,3.706648824120447119e-03,-3.655245609154931365e-19,-1.136103255411353416e-19,9.762269324904641055e-01,-8.334999120473467079e-17,-1.513940488125213968e-17
1.320000000000000062e-01,0.000000000000000000e+00,1.090628330434810760e-03,-1.343021574283906894e-01,0.000000000000000000e+00,-6.495445415892111413e-03,-1.999189593618936334e+00,9.999667725067383772e-01,8.151925077432939371e-03,0.000000000000000000e+00,0.000000000000000000e+00,1.055771341711100597e-01,0.000000000000000000e+00,0.000000000000000000e+00,3.227980981051933074e-22,1.890746367528476938e-05,-4.194784287716231928e-03,-1.518084923891229004e-19,-7.663523906828258094e-04,-2.525433455319094911e-01,9.999888328153453410e-01,4.726057626279932082e-03,-4.304603021589046898e-19,-1.235636972465979854e-19,1.062578927595517309e+00,-4.635958420217163583e-17,-5.046468293750716310e-18
1.340000000000000080e-01,0.000000000000000000e+00,1.143630446696978749e-03,-1.383297225842777256e-01,0.000000000000000000e+00,-6.597133179607589035e-03,-2.028700607560232960e+00,9.999659096005740766e-01,8.257096142567480618e-03,0.000000000000000000e+00,0.000000000000000000e+00,1.047721048477160410e-01,0.000000000000000000e+00,0.000000000000000000e+00,4.721136319989762301e-22,2.235252629632168402e-05,-4.700261117663624352e-03,-1.574586429756390226e-19,-1.112793545071304223e-03,-2.529416255204866570e-01,9.999830624131278434e-01,5.820331890481470448e-03,-4.769350792660846824e-19,-1.283576176870744559e-19,1.125976530399430908e+00,-4.636878803122055913e-17,-5.046468293750716310e-18
1.360000000000000098e-01,0.000000000000000000e+00,1.198254937999859368e-03,-1.424162793752728751e-01,0.000000000000000000e+00,-6.697649129735811467e-03,-2.058197177430416414e+00,9.999650423176213998e-01,8.361467737712565546e-03,0.000000000000000000e+00,0.000000000000000000e+00,1.039783203526875588e-01,0.000000000000000000e+00,0.000000000000000000e+00,6.596882094593152383e-22,2.626421824181993174e-05,-5.206541931953395826e-03,-1.613358805736200963e-19,-1.450802059526505854e-03,-2.533477183645785891e-01,9.999756149827802032e-01,6.983610585243375801e-03,-5.234416036213896629e-19,-1.305952324308846242e-19,1.200599128550680961e+00,-4.637362786940780545e-17,-4.622231866529366047e-33
1.380000000000000115e-01,0.000000000000000000e+00,1.254521822178316292e-03,-1.465617982570719957e-01,0.000000000000000000e+00,-6.796972961777956838e-03,-2.087679099126072746e+00,9.999641708144920704e-01,8.465050932899923983e-03,0.000000000000000000e+00,0.000000000000000000e+00,1.031954300218148046e-01,0.000000000000000000e+00,0.000000000000000000e+00,8.892768869133571446e-22,3.073600013536423889e-05,-5.713642171666238195e-03,-1.634390834177325532e-19,-1.782328049179303766e-03,-2.537618572028820796e-01,9.999661731527667019e-01,8.225200782142843767e-03,-5.699758401206595020e-19,-1.302684344991167764e-19,1.282618570786559165e+00,-4.637362786940780545e-17,-4.616395715182737894e-33
1.400000000000000133e-01,0.000000000000000000e+00,1.312450943082383616e-03,-1.507662492746456029e-01,0.000000000000000000e+00,-6.895084477083546388e-03,-2.117146168918706994e+00,9.999632952442879530e-01,8.567856452829061137e-03,0.000000000000000000e+00,0.000000000000000000e+00,1.024230938345163378e-01,0.000000000000000000e+00,0.000000000000000000e+00,1.164639956128163598e-21,3.586766350323727080e-05,-6.221577308451553198e-03,-1.637616255838506958e-19,-2.107013345060170569e-03,-2.541842597857929542e-01,9.999543948118975178e-01,9.550375640429611956e-03,-6.165200258895303433e-19,-1.298937467502078365e-19,1.367797612546188590e+00,-4.637362786940780545e-17,-4.616395715182737894e-33
1.420000000000000151e-01,0.000000000000000000e+00,1.372061972582241680e-03,-1.550296020630912708e-01,0.000000000000000000e+00,-6.991963559663379353e-03,-2.146598183461026377e+00,9.999624157567715832e-01,8.669894687530300958e-03,0.000000000000000000e+00,0.000000000000000000e+00,1.016609824532784256e-01,0.000000000000000000e+00,0.000000000000000000e+00,1.489542641125229301e-21,4.176577477980718267e-05,-6.730362738359498692e-03,-1.623043703473794166e-19,-2.423273026858381498e-03,-2.546151660027689001e-01,9.999399133562384412e-01,1.096225599695035274e-02,-6.630743194671046164e-19,-1.294653223858559896e-19,1.456069452916233242e+00,-4.637362786940780545e-17,-4.609100525999452702e-33
1.440000000000000169e-01,0.000000000000000000e+00,1.433374412509625263e-03,-1.593518258484965533e-01,0.000000000000000000e+00,-7.087590155805659556e-03,-2.176034939793177525e+00,9.999615324985245968e-01,8.771175703033521134e-03,0.000000000000000000e+00,0.000000000000000000e+00,1.009087771955799739e-01,0.000000000000000000e+00,0.000000000000000000e+00,1.867755138191006386e-21,4.854395128435246443e-05,-7.240013714518880698e-03,-1.590682245546619455e-19,-2.729537795526262682e-03,-2.550548509778470807e-01,9.999223194022536232e-01,1.246421043255505415e-02,-7.096388675476174069e-19,-1.289768497874937455e-19,1.547998801519698819e+00,-4.637362786940780545e-17,-4.610559563836109741e-33
1.459999999999999909e-01,0.000000000000000000e+00,1.496407596537771166e-03,-1.637328894488122299e-01,0.000000000000000000e+00,-7.181944256226985811e-03,-2.205456235348929983e+00,9.999606456130959442e-01,8.871709251981106312e-03,0.000000000000000000e+00,0.000000000000000000e+00,1.001661699503754582e-01,0.000000000000000000e+00,0.000000000000000000e+00,2.303052667791590114e-21,5.632314270089569226e-05,-7.750545286725556669e-03,-1.540541449631402146e-19,-3.024314918695106269e-03,-2.555036277251347410e-01,9.999011539766218259e-01,1.406000206043176923e-02,-7.562138171216460632e-19,-1.284214204483845984e-19,1.643813468544243150e+00,-4.637362786940780545e-17,-4.609100525999452702e-33
1.479999999999999927e-01,0.000000000000000000e+00,1.561180692002000093e-03,-1.681727612747358491e-01,0.000000000000000000e+00,-7.275005880516144559e-03,-2.234861867961813520e+00,9.999597552411394474e-01,8.971504784134796961e-03,0.000000000000000000e+00,0.000000000000000000e+00,9.943286304939280562e-02,0.000000000000000000e+00,0.000000000000000000e+00,2.799339366207671618e-21,6.523194216835193472e-05,-8.261972230628931990e-03,-1.564880618782359518e-19,-3.306066544909318054e-03,-2.559618516194407944e-01,9.998759055727107770e-01,1.575356589119076070e-02,-8.213010157263620048e-19,-1.280619398884359178e-19,1.743633458631412614e+00,-8.338106202357967575e-17,-4.609100525999452702e-33
1.499999999999999944e-01,0.000000000000000000e+00,1.627712701663008854e-03,-1.726714093306058462e-01,0.000000000000000000e+00,-7.366755063652234529e-03,-2.264251635871205703e+00,9.999588615205424746e-01,9.070571456735600224e-03,0.000000000000000000e+00,0.000000000000000000e+00,9.870856910194152067e-02,0.000000000000000000e+00,0.000000000000000000e+00,3.361887403816213045e-21,7.540691276766935244e-05,-8.774308966718987607e-03,-1.654320731271755768e-19,-3.573183781784301100e-03,-2.564299264670406031e-01,9.998460057469978901e-01,1.754896511311278273e-02,-9.049003385967968278e-19,-1.278990700663829502e-19,1.847599844862506391e+00,-8.338106202357967575e-17,-4.585755920612940773e-33
1.519999999999999962e-01,0.000000000000000000e+00,1.696022465414917697e-03,-1.772288012153058756e-01,0.000000000000000000e+00,-7.457171844399820317e-03,-2.293625337728374181e+00,9.999579645865456223e-01,9.168918144683962587e-03,0.000000000000000000e+00,0.000000000000000000e+00,9.799301080060345004e-02,0.000000000000000000e+00,0.000000000000000000e+00,3.997400600423993341e-21,8.699292511761427902e-05,-9.287569470160128571e-03,-1.757987005629389031e-19,-3.823993022264129266e-03,-2.569083111690809162e-01,9.998108235732086069e-01,1.945041008572127167e-02,-9.977172945344399693e-19,-1.303305966066997543e-19,1.955871520757405779e+00,-1.018928526769152657e-16,-5.046468293750716310e-18
1.539999999999999980e-01,0.000000000000000000e+00,1.766128661940084832e-03,-1.818449041231794960e-01,0.000000000000000000e+00,-7.546236255402805244e-03,-2.322982772602470547e+00,9.999570645718545148e-01,9.266553450514187010e-03,0.000000000000000000e+00,0.000000000000000000e+00,9.728592070403571657e-02,0.000000000000000000e+00,0.000000000000000000e+00,4.713273180114313698e-21,1.001435070864242760e-04,-9.801767170761624751e-03,-1.778696570979747405e-19,-4.056757851554835571e-03,-2.573975269794581133e-01,9.997696596643408373e-01,2.146226929843424169e-02,-1.081309335179095204e-18,-1.324535226324474333e-19,2.068612535282071008e+00,-6.489380192719832080e-17,-4.622231866529366047e-33
1.559999999999999998e-01,0.000000000000000000e+00,1.838049810312655536e-03,-1.865196848449553468e-01,0.000000000000000000e+00,-7.633928314815787916e-03,-2.352323739986479367e+00,9.999561616067438319e-01,9.363485714142858948e-03,0.000000000000000000e+00,0.000000000000000000e+00,9.658704100215270705e-02,0.000000000000000000e+00,0.000000000000000000e+00,5.516288892060764406e-21,1.150212064356525844e-04,-1.031691484195721570e-02,-1.723578029968882867e-19,-4.269677222744473408e-03,-2.578981654987239081e-01,9.997217398006398303e-01,2.358907292024877214e-02,-1.155664166078409124e-18,-1.342720306865306608e-19,2.185990104815853208e+00,-8.340654758586133558e-17,-5.046468293750716310e-18
1.580000000000000016e-01,0.000000000000000000e+00,1.911804271552774211e-03,-1.912531097686824277e-01,0.000000000000000000e+00,-7.720228019326969698e-03,-2.381648039803122785e+00,9.999552558191547869e-01,9.459723022375845711e-03,0.000000000000000000e+00,0.000000000000000000e+00,9.589612326811092213e-02,0.000000000000000000e+00,0.000000000000000000e+00,6.412682322196940983e-21,1.317979666412115859e-04,-1.083302447769630625e-02,-1.731984538091391435e-19,-4.460883399572063493e-03,-2.584108974770965017e-01,9.996662080592144672e-01,2.583551545041144759e-02,-1.248485823645278620e-18,-1.389108229487041357e-19,2.308174997445886500e+00,-1.019291647739266410e-16,-5.046468293750716310e-18
1.600000000000000033e-01,0.000000000000000000e+00,1.987410250133333969e-03,-1.960451448806759256e-01,0.000000000000000000e+00,-7.805115338440434154e-03,-2.410955472410719391e+00,9.999543473347859424e-01,9.555273218162574356e-03,0.000000000000000000e+00,0.000000000000000000e+00,9.521292820083254727e-02,0.000000000000000000e+00,0.000000000000000000e+00,7.410032765962356716e-21,1.506555160071106026e-04,-1.135010715611261059e-02,-1.820659385877680216e-19,-4.628440166433203315e-03,-2.589364824876100868e-01,9.996021193983322117e-01,2.820645833256990240e-02,-1.364459360916473516e-18,-1.439947535378106751e-19,2.435341299958026617e+00,-1.297046891583252131e-16,-5.046468293750716310e-18
1.620000000000000051e-01,0.000000000000000000e+00,2.064885795441092145e-03,-2.008957557664730331e-01,0.000000000000000000e+00,-7.888570209897988877e-03,-2.440245838609000906e+00,9.999534362771776985e-01,9.650143909589643104e-03,0.000000000000000000e+00,0.000000000000000000e+00,9.453722536117498132e-02,0.000000000000000000e+00,0.000000000000000000e+00,8.517608628378823596e-21,1.717857701509211549e-04,-1.186817288874373981e-02,-1.863127708568422597e-19,-4.770341109455488067e-03,-2.594757795382701127e-01,9.995284316751510412e-01,3.070693201875755729e-02,-1.480325160265243102e-18,-1.539232790118981921e-19,2.567665805979152616e+00,-1.019913791791673065e-16,-1.513940488125213968e-17
1.640000000000000069e-01,0.000000000000000000e+00,2.144248803193927674e-03,-2.058049076117992870e-01,0.000000000000000000e+00,-7.970572536131858080e-03,-2.469518939644883559e+00,9.999525227677917849e-01,9.744342478608742503e-03,0.000000000000000000e+00,0.000000000000000000e+00,9.386879290436715706e-02,0.000000000000000000e+00,0.000000000000000000e+00,9.744786491133798611e-21,1.953912478690037239e-04,-1.238723045397592711e-02,-1.816994214581694241e-19,-4.884507921995626285e-03,-2.600297586964061547e-01,9.994439970757881264e-01,3.334213721960228860e-02,-1.587013011185625203e-18,-1.633844032603382029e-19,2.705327290440385113e+00,-1.112873957677852344e-16,-5.046468293750716310e-18
1.660000000000000087e-01,0.000000000000000000e+00,2.225517016815960723e-03,-2.107725652035449537e-01,0.000000000000000000e+00,-8.051102181649536643e-03,-2.498774577218199067e+00,9.999516069260848683e-01,9.837876089496233947e-03,0.000000000000000000e+00,0.000000000000000000e+00,9.320741731086643056e-02,0.000000000000000000e+00,0.000000000000000000e+00,1.110040118390456027e-20,2.216855002921561211e-04,-1.290728721328873556e-02,-1.777669385493139364e-19,-4.968788771664946376e-03,-2.605995138004340017e-01,9.993475529370990929e-01,3.611744521177785022e-02,-1.703235230042635929e-18,-1.653651464779182173e-19,2.848505678561065402e+00,-1.205508322533173815e-16,-4.622231866529366047e-33
1.680000000000000104e-01,0.000000000000000000e+00,2.308708028772207300e-03,-2.157986929307516288e-01,0.000000000000000000e+00,-8.130138971261054517e-03,-2.528012553487380298e+00,9.999506888695778306e-01,9.930751697043691678e-03,0.000000000000000000e+00,0.000000000000000000e+00,9.255289311743672420e-02,0.000000000000000000e+00,0.000000000000000000e+00,1.259389242911846280e-20,2.508935531285357836e-04,-1.342834890877253086e-02,-1.717528312265645869e-19,-5.020956771844084336e-03,-2.611862763356473383e-01,9.992377119437444444e-01,3.903839705831637502e-02,-1.824183434014912077e-18,-1.647368535024182460e-19,2.997381074542596835e+00,-1.205508322533173815e-16,-4.598887261142854118e-33
1.700000000000000122e-01,0.000000000000000000e+00,2.393839281864379963e-03,-2.208832547856089956e-01,0.000000000000000000e+00,-8.207662689067071748e-03,-2.557232671075109209e+00,9.999497687139203839e-01,1.002297605448037275e-02,0.000000000000000000e+00,0.000000000000000000e+00,9.190502264992476966e-02,0.000000000000000000e+00,0.000000000000000000e+00,1.423514577805512148e-20,2.832523616594657804e-04,-1.395041944028669115e-02,-1.658861651394791064e-19,-5.038708599882465999e-03,-2.617914305512570872e-01,9.991129516902959029e-01,4.211070156579187207e-02,-1.954384648715254773e-18,-1.642004265560383769e-19,3.152132625892341444e+00,-1.390545493304033074e-16,-4.587214958449597812e-33
1.720000000000000140e-01,0.000000000000000000e+00,2.480928070489402809e-03,-2.260262143644617416e-01,0.000000000000000000e+00,-8.283653078133485989e-03,-2.586434733073918135e+00,9.999488465729513553e-01,1.011455572112992043e-02,0.000000000000000000e+00,0.000000000000000000e+00,9.126361575893601752e-02,0.000000000000000000e+00,0.000000000000000000e+00,1.603483430778916452e-20,3.190112780020051093e-04,-1.447350062051988920e-02,-1.644419313306049877e-19,-5.019663308699811970e-03,-2.624165298952514935e-01,9.989716036059543836e-01,4.534023177768505691e-02,-2.103079576833901229e-18,-1.641330554355436725e-19,3.312937202508249968e+00,-1.575582664074892334e-16,-4.563870353063085883e-33
1.740000000000000158e-01,0.000000000000000000e+00,2.569991541862146935e-03,-2.312275348688264121e-01,0.000000000000000000e+00,-8.358089840784828015e-03,-2.615618543051754230e+00,9.999479225587549758e-01,1.020549706980468201e-02,0.000000000000000000e+00,0.000000000000000000e+00,9.062848955938972162e-02,0.000000000000000000e+00,0.000000000000000000e+00,1.800488618261546549e-20,3.584325299772165717e-04,-1.499759190610702730e-02,-1.525426949127653917e-19,-4.961361384930373236e-03,-2.630633148414162625e-01,9.988118412493378617e-01,4.873301977925979106e-02,-2.242649766461084907e-18,-1.607481354710038626e-19,3.479967867907691748e+00,-1.205364313653875809e-16,5.046468293750707065e-18
1.759999999999999898e-01,0.000000000000000000e+00,2.661046697203842213e-03,-2.364871791064184769e-01,0.000000000000000000e+00,-8.430952639454692560e-03,-2.644783905057501272e+00,9.999469967817140592e-01,1.029580629394191357e-02,0.000000000000000000e+00,0.000000000000000000e+00,8.999946817473730709e-02,0.000000000000000000e+00,0.000000000000000000e+00,2.015661360643327862e-20,4.017917107222232368e-04,-1.552269010285216647e-02,-1.261299931033597155e-19,-4.861264113680397250e-03,-2.637337321786427102e-01,9.986316679931795948e-01,5.229524956349578674e-02,-2.363832907172053461e-18,-1.535774806279999766e-19,3.653392118002562583e+00,-1.205064319177290072e-16,5.046468293750707065e-18
1.779999999999999916e-01,0.000000000000000000e+00,2.754110392897576171e-03,-2.418051094921891409e-01,0.000000000000000000e+00,-8.502221098036820759e-03,-2.673930623626461500e+00,9.999460693505591857e-01,1.038548941448685058e-02,0.000000000000000000e+00,0.000000000000000000e+00,8.937638248646287420e-02,0.000000000000000000e+00,0.000000000000000000e+00,2.250002144334608001e-20,4.493782779545835637e-04,-1.604878904300534315e-02,-9.514103436074943333e-20,-4.716753317374708723e-03,-2.644299558260029270e-01,9.984289041340849158e-01,5.603324768021148566e-02,-2.484980866688911410e-18,-1.459853213949993673e-19,3.833369861251279431e+00,-1.204749461978150368e-16,5.046468293750707065e-18
1.799999999999999933e-01,0.000000000000000000e+00,2.849199341612231300e-03,-2.471812880493723108e-01,0.000000000000000000e+00,-8.571874803685335456e-03,-2.703058503785795708e+00,9.999451403724148868e-01,1.047455228652815346e-02,0.000000000000000000e+00,0.000000000000000000e+00,8.875906988933918162e-02,0.000000000000000000e+00,0.000000000000000000e+00,2.504498792199392960e-20,5.014960615362865212e-04,-1.657587923244633471e-02,-5.960105580737699198e-20,-4.525131544074525829e-03,-2.651544092274544240e-01,9.982011734811711001e-01,5.995347136194516258e-02,-2.606225900597785964e-18,-1.354140765450450793e-19,4.020051112739524868e+00,-1.204252737270124744e-16,1.009293658750141875e-17
1.819999999999999951e-01,0.000000000000000000e+00,2.946330113396169667e-03,-2.526156764105413899e-01,0.000000000000000000e+00,-8.639893309017003878e-03,-2.732167351059925586e+00,9.999442099528432770e-01,1.056300060569167164e-02,0.000000000000000000e+00,0.000000000000000000e+00,8.814737405281115878e-02,0.000000000000000000e+00,0.000000000000000000e+00,2.780144811087730520e-20,5.584637776887624912e-04,-1.710394746554347312e-02,-2.430089573678334785e-20,-4.283622788967271673e-03,-2.659097893668452839e-01,9.979458894999484464e-01,6.406249379092186780e-02,-2.736923674939897591e-18,-1.198706128101005496e-19,4.213573373823082946e+00,-1.388422883011510981e-16,1.513940488125213044e-17
1.839999999999999969e-01,0.000000000000000000e+00,3.045519136741922477e-03,-2.581082358186757575e-01,0.000000000000000000e+00,-8.706256134672482258e-03,-2.761256971475895217e+00,9.999432781958843552e-01,1.065083991429879688e-02,0.000000000000000000e+00,0.000000000000000000e+00,8.754114468876952881e-02,0.000000000000000000e+00,0.000000000000000000e+00,3.078007416576228762e-20,6.206155478767256834e-04,-1.763297640538478289e-02,6.458117117855870441e-21,-3.989373841301228386e-03,-2.666990924264454055e-01,9.976602411147011962e-01,6.836698614214085923e-02,-2.886119746796554100e-18,-1.024463071852888529e-19,4.414058668547811592e+00,-1.572371539864359230e-16,1.513940488125213044e-17
1.859999999999999987e-01,0.000000000000000000e+00,3.146782699623093277e-03,-2.636589271282373526e-01,0.000000000000000000e+00,-8.770942772197067028e-03,-2.790327171568693032e+00,9.999423452040941962e-01,1.073807560729586608e-02,0.000000000000000000e+00,0.000000000000000000e+00,8.694023732588904152e-02,0.000000000000000000e+00,0.000000000000000000e+00,3.399301873019751742e-20,6.883014200045249695e-04,-1.816294412702666033e-02,2.851894839726538917e-20,-3.639456357642564983e-03,-2.675256410897740023e-01,9.973411783044062728e-01,7.287369600911804135e-02,-3.063028710896850578e-18,-8.381697115348867214e-20,4.621610208355275695e+00,-1.941114431698385819e-16,2.018587317500284059e-17
1.880000000000000004e-01,0.000000000000000000e+00,3.250136950504645735e-03,-2.692677108062567215e-01,0.000000000000000000e+00,-8.833932687204804415e-03,-2.819377758386534705e+00,9.999414110785804777e-01,1.082471293796124709e-02,0.000000000000000000e+00,0.000000000000000000e+00,8.634451309065208080e-02,0.000000000000000000e+00,0.000000000000000000e+00,3.745453601600879627e-20,7.618878891513278066e-04,-1.869382362137814516e-02,4.785343936364698358e-20,-3.230869770672020053e-03,-2.683931134612077551e-01,9.969853976643934246e-01,7.758942179221957336e-02,-3.258377522192074111e-18,-6.333120252255510304e-20,4.836308657801851041e+00,-1.939523403991587111e-16,2.018587317500284059e-17
1.900000000000000022e-01,0.000000000000000000e+00,3.355597899327690970e-03,-2.749345469334287251e-01,0.000000000000000000e+00,-8.895205322792847785e-03,-2.848408539496106062e+00,9.999404759190360092e-01,1.091075702339682103e-02,0.000000000000000000e+00,0.000000000000000000e+00,8.575383849511385159e-02,0.000000000000000000e+00,0.000000000000000000e+00,4.118053845293659927e-20,8.417584146086580206e-04,-1.922558225734289847e-02,5.516904140686186474e-20,-2.760545150421594551e-03,-2.693055735398645067e-01,9.965893281489530686e-01,8.252098260624347870e-02,-3.490006763066473338e-18,-5.008231708342536554e-20,5.058207976449434540e+00,-2.678426841496066026e-16,1.009293658750141721e-17
1.920000000000000040e-01,0.000000000000000000e+00,3.463181418469857796e-03,-2.806593952052182650e-01,0.000000000000000000e+00,-8.954740103175653013e-03,-2.877419322987768258e+00,9.999395398237702626e-01,1.099621284981060036e-02,0.000000000000000000e+00,0.000000000000000000e+00,8.516808523140709242e-02,0.000000000000000000e+00,0.000000000000000000e+00,4.518978573772961491e-20,9.283139294739070754e-04,-1.975818119988461893e-02,5.215475224811716000e-20,-2.225350141377595899e-03,-2.702675031426602925e-01,9.961491172593016641e-01,8.767518324572183552e-02,-3.757937412190586127e-18,-4.405823614733585800e-20,5.287330816036011072e+00,-2.677556667016334465e-16,1.009293658750141721e-17
1.940000000000000058e-01,0.000000000000000000e+00,3.572903243682278886e-03,-2.864422149329750589e-01,0.000000000000000000e+00,-9.012516437511145298e-03,-2.906409917480723415e+00,9.999386028897385703e-01,1.108108527759721525e-02,0.000000000000000000e+00,0.000000000000000000e+00,8.458712997296867486e-02,0.000000000000000000e+00,0.000000000000000000e+00,4.950364051892742057e-20,1.021973338495663379e-03,-2.029157478177326390e-02,6.887430531988848799e-20,-1.622095103618825807e-03,-2.712838351203312737e-01,9.956606179969428316e-01,9.305877373550701381e-02,-4.007473008152173859e-18,-3.298157176089968284e-20,5.523663457874484095e+00,-2.306344012022613515e-16,1.513940488125212736e-17
1.960000000000000075e-01,0.000000000000000000e+00,3.684778975004191631e-03,-2.922829650450582961e-01,0.000000000000000000e+00,-9.068513723893278922e-03,-2.935380132128140751e+00,9.999376652125701037e-01,1.116537904622294866e-02,0.000000000000000000e+00,0.000000000000000000e+00,8.401085418241475977e-02,0.000000000000000000e+00,0.000000000000000000e+00,5.414236599661196688e-20,1.123173999261451892e-03,-2.082570982691973535e-02,9.953217755589049114e-20,-9.475405883524572193e-04,-2.723599876497467820e-01,9.951193769645234610e-01,9.867840299320050634e-02,-4.248008058663068051e-18,-1.509446357749083064e-20,5.767150283560027901e+00,-2.489717527567045690e-16,2.018587317500284059e-17
1.980000000000000093e-01,0.000000000000000000e+00,3.798824077656109532e-03,-2.981816040879707308e-01,0.000000000000000000e+00,-9.122711353487480967e-03,-2.964329776622244950e+00,9.999367268865935188e-01,1.124909877892192947e-02,0.000000000000000000e+00,0.000000000000000000e+00,8.343914392597719110e-02,0.000000000000000000e+00,0.000000000000000000e+00,5.912554870991124011e-20,1.232372181167664445e-03,-2.136052492342651113e-02,1.294180795308123609e-19,-1.984062769414810705e-04,-2.735018993152824041e-01,9.945206240644743900e-01,1.045405661419929605e-01,-4.507123089316873963e-18,7.057951127141815976e-21,6.017687782939702856e+00,-2.672522654261320019e-16,2.523234146875355382e-17
2.000000000000000111e-01,0.000000000000000000e+00,3.915053882912483511e-03,-3.041380902275019893e-01,0.000000000000000000e+00,-9.175088714787409463e-03,-2.993258661199366344e+00,9.999357880048617142e-01,1.133224898720999047e-02,0.000000000000000000e+00,0.000000000000000000e+00,8.287188969439110431e-02,0.000000000000000000e+00,0.000000000000000000e+00,6.447402633992998420e-20,1.350043495914504546e-03,-2.189594964478482758e-02,1.591923021975722586e-19,6.286184779081501785e-04,-2.747160646108073312e-01,9.938592643193565612e-01,1.106515450411140605e-01,-4.784750488280541074e-18,3.346618641099940652e-20,6.275118117367047610e+00,-2.854714613575986705e-16,3.027880976250426704e-17
2.020000000000000129e-01,0.000000000000000000e+00,4.033483588954735709e-03,-3.101523812498813149e-01,0.000000000000000000e+00,-9.225625197973234479e-03,-3.022166596644950243e+00,9.999348486591749241e-01,1.141483407522257687e-02,0.000000000000000000e+00,0.000000000000000000e+00,8.230898623010803050e-02,0.000000000000000000e+00,0.000000000000000000e+00,7.020974326969494355e-20,1.476683292399246644e-03,-2.243190371807938024e-02,2.144118219157158375e-19,1.536862294035412505e-03,-2.760095694006602374e-01,9.931298724167655356e-01,1.170173416410858480e-01,-5.034849408032406346e-18,6.933914469248426920e-20,6.539222255232407299e+00,-2.111061117290836862e-16,3.532527805625498027e-17
2.040000000000000147e-01,0.000000000000000000e+00,4.154128261705517487e-03,-3.162244345629397491e-01,0.000000000000000000e+00,-9.274300199353231050e-03,-3.051053394298531174e+00,9.999339089401022562e-01,1.149685834388295726e-02,0.000000000000000000e+00,0.000000000000000000e+00,8.175033236069137454e-02,0.000000000000000000e+00,0.000000000000000000e+00,7.635283696074193978e-20,1.612807008264592308e-03,-2.296829613854424468e-02,2.735450456078730239e-19,2.529657820159929814e-03,-2.773901257743933146e-01,9.923266906706046386e-01,1.236436037789028081e-01,-5.294088838699625641e-18,1.103492893383699906e-19,6.809712621959819856e+00,-3.032034570401113437e-16,4.037174635000569350e-17
2.060000000000000164e-01,0.000000000000000000e+00,4.277002835644997877e-03,-3.223542071972811951e-01,0.000000000000000000e+00,-9.321093125871994164e-03,-3.079918866058665827e+00,9.999329689370021201e-01,1.157832599490685350e-02,0.000000000000000000e+00,0.000000000000000000e+00,8.119583083824230552e-02,0.000000000000000000e+00,0.000000000000000000e+00,8.292418899766802444e-20,1.758950469883118969e-03,-2.350502423037697033e-02,3.078662078109647147e-19,3.610325956414698473e-03,-2.788661056229151392e-01,9.914436311530294699e-01,1.305355432971583574e-01,-5.617494351600413987e-18,1.499221855974305453e-19,7.086225792747211649e+00,-3.397139523365382389e-16,4.541821464375640673e-17
2.080000000000000182e-01,0.000000000000000000e+00,4.402122114609973921e-03,-3.285416558074629179e-01,0.000000000000000000e+00,-9.365983399669937370e-03,-3.108762824387829138e+00,9.999320287380417671e-01,1.165924113464942950e-02,0.000000000000000000e+00,0.000000000000000000e+00,8.064538818470456949e-02,0.000000000000000000e+00,0.000000000000000000e+00,8.994886387328022308e-20,1.915670131397063112e-03,-2.404197265457282129e-02,3.646586960545537542e-19,4.782158068253041135e-03,-2.804465721397609301e-01,9.904742828197531379e-01,1.376978465311297362e-01,-5.922373787447547914e-18,1.986757126851864774e-19,7.368314942290496994e+00,-2.651213822335303341e-16,5.046468293750711996e-17
2.099999999999999922e-01,0.000000000000000000e+00,4.529500772576544078e-03,-3.347867366731852035e-01,0.000000000000000000e+00,-9.408950462680006413e-03,-3.137585082317270846e+00,9.999310884302153868e-01,1.173960777780044470e-02,0.000000000000000000e+00,0.000000000000000000e+00,8.009891454287901280e-02,0.000000000000000000e+00,0.000000000000000000e+00,9.745079155648107673e-20,2.083543242771304996e-03,-2.457901236544914741e-02,4.426093347214166157e-19,6.048396328570283115e-03,-2.821413083231897878e-01,9.894119245428397713e-01,1.451345771746095359e-01,-6.208609172076886726e-18,2.566010022939506870e-19,7.655442173590607524e+00,-3.014651847253982338e-16,5.551115123125782702e-17
2.119999999999999940e-01,0.000000000000000000e+00,4.659153354427066768e-03,-3.410894057004896229e-01,0.000000000000000000e+00,-9.449973781248706753e-03,-3.166385453451835197e+00,9.999301480993613156e-01,1.181942985093319652e-02,0.000000000000000000e+00,0.000000000000000000e+00,7.955632353298523751e-02,0.000000000000000000e+00,0.000000000000000000e+00,1.054526671800150280e-19,2.263167936173766503e-03,-2.511599951860474245e-02,5.009752686406872011e-19,7.412212290882572857e-03,-2.839608414269723657e-01,9.882495450129423764e-01,1.528490718234079282e-01,-6.549714866937558972e-18,3.157977833008030163e-19,7.946971072984004181e+00,-3.746922344573538466e-16,6.560408781875925348e-17
2.139999999999999958e-01,0.000000000000000000e+00,4.791094276702097081e-03,-3.474496184229666773e-01,0.000000000000000000e+00,-9.489032850769602012e-03,-3.195163751974740673e+00,9.999292078301783571e-01,1.189871119591271939e-02,0.000000000000000000e+00,0.000000000000000000e+00,7.901753211460083026e-02,0.000000000000000000e+00,0.000000000000000000e+00,1.139808336288921409e-19,2.455163219395819010e-03,-2.565277433431636944e-02,5.521027186301162583e-19,8.876683833069961768e-03,-2.859164621826283392e-01,9.869798704948932189e-01,1.608438288322620036e-01,-6.927202911636786946e-18,3.789498001974628580e-19,8.242159700980771220e+00,-3.737728796173333187e-16,7.065055611250996054e-17
2.159999999999999976e-01,0.000000000000000000e+00,4.925337828337961708e-03,-3.538673300029722690e-01,0.000000000000000000e+00,-9.526107200318460408e-03,-3.223919792652321981e+00,9.999282677062413249e-01,1.197745557316851756e-02,0.000000000000000000e+00,0.000000000000000000e+00,7.848246045380698199e-02,0.000000000000000000e+00,0.000000000000000000e+00,1.230643582085762374e-19,2.660168864549033139e-03,-2.618915992180712721e-02,6.069574796139570744e-19,1.044477070777819448e-02,-2.880202374997422043e-01,9.855954014214164394e-01,1.691203914254193197e-01,-7.322215104888777732e-18,4.462415202840057274e-19,8.540154291045951140e+00,-4.097566984065033665e-16,7.569702440626066761e-17
2.179999999999999993e-01,0.000000000000000000e+00,5.061898171390604405e-03,-3.603424952328528330e-01,0.000000000000000000e+00,-9.561176397280104003e-03,-3.252653390838735170e+00,9.999273278100154760e-01,1.205566666483697501e-02,0.000000000000000000e+00,0.000000000000000000e+00,7.795103179538025173e-02,0.000000000000000000e+00,0.000000000000000000e+00,1.327334716306329730e-19,2.878845179967138949e-03,-2.672496107142676575e-02,6.769488165508241381e-19,1.211928903758238696e-02,-2.902850152525763283e-01,9.840884587694164187e-01,1.776792263666793215e-01,-7.717211750793046421e-18,5.259250643829020927e-19,8.839983983227540421e+00,-3.715425828899089455e-16,9.083642928751280113e-17
2.200000000000000011e-01,0.000000000000000000e+00,5.200789341746315207e-03,-3.668750685361792940e-01,0.000000000000000000e+00,-9.594220051957931539e-03,-3.281364362480621022e+00,9.999263882228707212e-01,1.213334807777839697e-02,0.000000000000000000e+00,0.000000000000000000e+00,7.742317233985478164e-02,0.000000000000000000e+00,0.000000000000000000e+00,1.430181259977105935e-19,3.111872653152509410e-03,-2.725996302355232492e-02,7.618102262313492406e-19,1.390288520254378234e-02,-2.927244196902091256e-01,9.824512410719711264e-01,1.865195999104236890e-01,-8.112355867533125539e-18,6.204296680973263744e-19,9.140556966666560257e+00,-4.071128335654287894e-16,1.009293658750142276e-16
2.220000000000000029e-01,0.000000000000000000e+00,5.342025249819923674e-03,-3.734650039689897949e-01,0.000000000000000000e+00,-9.625217822157793382e-03,-3.310052524121733342e+00,9.999254490250948368e-01,1.221050334647346206e-02,0.000000000000000000e+00,0.000000000000000000e+00,7.689881112529420304e-02,0.000000000000000000e+00,0.000000000000000000e+00,1.539479211547338206e-19,3.359951452788509287e-03,-2.779393022492832391e-02,8.515762544958274979e-19,1.579800968329972410e-02,-2.953528359749520993e-01,9.806758927666103798e-01,1.956394532100133588e-01,-8.525661003971054720e-18,7.266058686439095171e-19,9.440658445770759855e+00,-4.054320795888190063e-16,1.160687707562663611e-16
2.240000000000000047e-01,0.000000000000000000e+00,5.485619681241019063e-03,-3.801122552210410843e-01,0.000000000000000000e+00,-9.654149417738693353e-03,-3.338717692907527290e+00,9.999245102959056775e-01,1.228713593580372729e-02,0.000000000000000000e+00,0.000000000000000000e+00,7.637787991361241757e-02,0.000000000000000000e+00,0.000000000000000000e+00,1.655532972428342612e-19,3.623800717364825466e-03,-2.832660511206607640e-02,9.466970209601410038e-19,1.781250049363741414e-02,-2.981850388278747821e-01,9.787565581247674729e-01,2.050258576309765546e-01,-8.956812762095502104e-18,8.442364414081594728e-19,9.719760967107566429e+00,-4.405051816584797822e-16,1.261617073437677752e-16
2.260000000000000064e-01,0.000000000000000000e+00,5.631586297528731744e-03,-3.868167756170683425e-01,0.000000000000000000e+00,-9.680994605123430588e-03,-3.367359686589708190e+00,9.999235721134637211e-01,1.236324924372064933e-02,0.000000000000000000e+00,0.000000000000000000e+00,7.586031308127982875e-02,0.000000000000000000e+00,0.000000000000000000e+00,1.778655863541898138e-19,3.904156517711407370e-03,-2.885770750552089925e-02,1.048084169584923534e-18,2.000868544096381235e-02,-3.012326400686120009e-01,9.767079315772141390e-01,2.145731082181359661e-01,-9.405681495852353993e-18,9.724532971735983723e-19,9.809163345686719993e+00,-4.383286017425866111e-16,1.413011122250199211e-16
2.280000000000000082e-01,0.000000000000000000e+00,5.779938636755588451e-03,-3.935785181180534997e-01,0.000000000000000000e+00,-9.705733211762941626e-03,-3.395978323530744358e+00,9.999226345548832828e-01,1.243884660380742933e-02,0.000000000000000000e+00,0.000000000000000000e+00,7.534604751426667024e-02,0.000000000000000000e+00,0.000000000000000000e+00,1.909168973516652249e-19,4.201763985778381519e-03,-2.938693746451986541e-02,1.164412959347506317e-18,2.245660424428337285e-02,-3.045056745544243437e-01,9.745529756474508032e-01,2.241573109082241888e-01,-9.858564285495793477e-18,1.112935422334351898e-18,9.837781690647759092e+00,-4.451843394365688934e-16,1.513940488125213352e-16
2.300000000000000100e-01,0.000000000000000000e+00,5.930690114200937516e-03,-4.003974353225021043e-01,0.000000000000000000e+00,-9.728345130548673655e-03,-3.424573422708339532e+00,9.999216976962433945e-01,1.251393128773784467e-02,0.000000000000000000e+00,0.000000000000000000e+00,7.483502250705935388e-02,0.000000000000000000e+00,0.000000000000000000e+00,2.047392394719569543e-19,4.517368678430409845e-03,-2.991397990870839699e-02,1.290359308097655034e-18,2.517346457450531094e-02,-3.080168499190406028e-01,9.722995676975353385e-01,2.337382147449368619e-01,-1.032383812564709838e-17,1.260761214980014163e-18,9.846937834093752784e+00,-4.611217999289968565e-16,1.614869854000227493e-16
2.320000000000000118e-01,0.000000000000000000e+00,6.083854022994415918e-03,-4.072734794677282943e-01,0.000000000000000000e+00,-9.748810324167869745e-03,-3.453144803719866651e+00,9.999207616125984632e-01,1.258850650763605923e-02,0.000000000000000000e+00,0.000000000000000000e+00,7.432717966561599998e-02,0.000000000000000000e+00,0.000000000000000000e+00,2.193647671815895935e-19,4.851713349386528942e-03,-3.043850678309632796e-02,1.452124154400905766e-18,2.815913216246550971e-02,-3.117795826828964056e-01,9.699505042765309559e-01,2.433023255759424186e-01,-1.076210430579183061e-17,1.430503789846921162e-18,9.849864148170217604e+00,-3.842906088910060937e-16,1.816728585750256023e-16
2.340000000000000135e-01,0.000000000000000000e+00,6.239443534749903111e-03,-4.142066024311484851e-01,0.000000000000000000e+00,-9.767108829397156897e-03,-3.481692286786763901e+00,9.999198263779884854e-01,1.266257541834129620e-02,0.000000000000000000e+00,0.000000000000000000e+00,7.382246281410874411e-02,0.000000000000000000e+00,0.000000000000000000e+00,2.348230776386083375e-19,5.205536775353947904e-03,-3.096017764773801098e-02,1.637338182433439036e-18,3.140760017794805986e-02,-3.158073109500454945e-01,9.675068780484133990e-01,2.528447019535093876e-01,-1.119049127930353478e-17,1.615131661705122593e-18,9.850796715604515086e+00,-4.367777716928304480e-16,1.867193268687763093e-16
2.360000000000000153e-01,0.000000000000000000e+00,6.397471700190408318e-03,-4.211967557315826616e-01,0.000000000000000000e+00,-9.783220761330270118e-03,-3.510215692758891670e+00,9.999188920654484836e-01,1.273614111958106844e-02,0.000000000000000000e+00,0.000000000000000000e+00,7.332081790530900478e-02,0.000000000000000000e+00,0.000000000000000000e+00,2.511424547179737882e-19,5.579573222000102327e-03,-3.147863976034299266e-02,1.817861136358655332e-18,3.491069805481306770e-02,-3.201132502513531763e-01,9.649692155883216049e-01,2.623631364040936442e-01,-1.165318655511681337e-17,1.800854389840640987e-18,9.851091513365764385e+00,-4.520916040403853426e-16,2.018587317500284552e-16
2.380000000000000171e-01,0.000000000000000000e+00,6.557951449764291146e-03,-4.282438905305642751e-01,0.000000000000000000e+00,-9.797126317536193271e-03,-3.538714843118849984e+00,9.999179587470179431e-01,1.280920665805655723e-02,0.000000000000000000e+00,0.000000000000000000e+00,7.282219293449043729e-02,0.000000000000000000e+00,0.000000000000000000e+00,2.683530193127533216e-19,5.974552101115229198e-03,-3.199352799844991380e-02,2.006249993354101110e-18,3.865929504766690838e-02,-3.247103008007119485e-01,9.623378598440960330e-01,2.718562963913215280e-01,-1.213272319446830142e-17,1.994592381403875596e-18,9.851182586818737263e+00,-4.671982351338135890e-16,2.119516683375298693e-16
2.399999999999999911e-01,0.000000000000000000e+00,6.720895594253221451e-03,-4.353479576336581336e-01,0.000000000000000000e+00,-9.808805782144425917e-03,-3.567189559986257752e+00,9.999170264937499164e-01,1.288177502944358802e-02,0.000000000000000000e+00,0.000000000000000000e+00,7.232653785671272484e-02,0.000000000000000000e+00,0.000000000000000000e+00,2.864857937105574256e-19,6.391197675499003458e-03,-3.250446473186357349e-02,2.196872529005491210e-18,4.264369508407320208e-02,-3.296110057677813510e-01,9.596130983916921764e-01,2.813231305314314312e-01,-1.263717887216648498e-17,2.191221823725428071e-18,9.851208877243799122e+00,-5.006428507061252382e-16,2.220446049250312834e-16
2.419999999999999929e-01,0.000000000000000000e+00,6.886316825372260954e-03,-4.425089074917860077e-01,0.000000000000000000e+00,-9.818239529854421929e-03,-3.595639666121993816e+00,9.999160953757197934e-01,1.295384918031252004e-02,0.000000000000000000e+00,0.000000000000000000e+00,7.183380450735597778e-02,0.000000000000000000e+00,0.000000000000000000e+00,3.055729148536439791e-19,6.830228764459218838e-03,-3.301105967958514048e-02,2.414661146483836211e-18,4.685377062365404799e-02,-3.348275261354970445e-01,9.567952063412678010e-01,2.907626790000159556e-01,-1.313091382908833840e-17,2.401098319901224392e-18,9.851214863624578655e+00,-4.414031623357402331e-16,2.321375415125327222e-16
2.439999999999999947e-01,0.000000000000000000e+00,7.054227716362418757e-03,-4.497266902025604529e-01,0.000000000000000000e+00,-9.825408029866606469e-03,-3.624064984932397149e+00,9.999151654620332952e-01,1.302543200997022949e-02,0.000000000000000000e+00,0.000000000000000000e+00,7.134394652578597562e-02,0.000000000000000000e+00,0.000000000000000000e+00,3.256449741575459091e-19,7.292358433315711957e-03,-3.351290976123492277e-02,2.671920733299700518e-18,5.127901242365175832e-02,-3.403716204865600004e-01,9.538844606512256741e-01,3.001740130407747897e-01,-1.359753679576576429e-17,2.634321662616455893e-18,9.851214785294009957e+00,-4.374260548746879766e-16,2.523234146875355505e-16
2.459999999999999964e-01,0.000000000000000000e+00,7.224640722576045060e-03,-4.570012555116262920e-01,0.000000000000000000e+00,-9.830291849732704021e-03,-3.652465340473430189e+00,9.999142368208352449e-01,1.309652637222727747e-02,0.000000000000000000e+00,0.000000000000000000e+00,7.085691928203072254e-02,0.000000000000000000e+00,0.000000000000000000e+00,3.467296117162281044e-19,7.778293660122172562e-03,-3.400959894580148080e-02,2.950498535903628772e-18,5.590855238342127415e-02,-3.462546259706184015e-01,9.508811448834117996e-01,3.095562157057782371e-01,-1.406344351788057220e-17,2.882970973926240692e-18,9.851213198763288048e+00,-4.332003785574660217e-16,2.624163512750369646e-16
2.479999999999999982e-01,0.000000000000000000e+00,7.397568182055382253e-03,-4.643325528140099800e-01,0.000000000000000000e+00,-9.832871659123431154e-03,-3.680840557454800432e+00,9.999133095193170062e-01,1.316713507709319289e-02,0.000000000000000000e+00,0.000000000000000000e+00,7.037267980635535103e-02,0.000000000000000000e+00,0.000000000000000000e+00,3.688535009404998578e-19,8.288734976190988146e-03,-3.450069809890558142e-02,3.225337202878778576e-18,6.073117795964108612e-02,-3.524874394521508858e-01,9.477855507683855540e-01,3.189083757625780779e-01,-1.456371614097005434e-17,3.135502297028281110e-18,9.851211557861361712e+00,-5.027410020886653207e-16,2.826022244500397929e-16
2.500000000000000000e-01,0.000000000000000000e+00,7.573022316104598660e-03,-4.717205311554765190e-01,0.000000000000000000e+00,-9.833128233511841815e-03,-3.709190461244045167e+00,9.999123836237244767e-01,1.323726089240273573e-02,0.000000000000000000e+00,0.000000000000000000e+00,6.989118672161753754e-02,0.000000000000000000e+00,0.000000000000000000e+00,3.920451762586107241e-19,8.824376078407311988e-03,-3.498576482984936536e-02,3.485115821724209238e-18,6.573534413604993631e-02,-3.590804987822933114e-01,9.445979787077074530e-01,3.282295858056651916e-01,-1.511644706330979246e-17,3.388302725449576383e-18,9.851210320193741765e+00,-5.349841948124696209e-16,2.977416293312919141e-16
2.520000000000000018e-01,0.000000000000000000e+00,7.751015229855614565e-03,-4.791651392338940885e-01,0.000000000000000000e+00,-9.831042457770925239e-03,-3.737514877870576235e+00,9.999114591993655266e-01,1.330690654537585414e-02,0.000000000000000000e+00,0.000000000000000000e+00,6.941240017830770104e-02,0.000000000000000000e+00,0.000000000000000000e+00,4.163360694182206497e-19,9.385903412144964986e-03,-3.546434334028034790e-02,3.776482981529903998e-18,7.090918488057941504e-02,-3.660437644452720352e-01,9.413187379222470730e-01,3.375189417103879874e-01,-1.565937335459002881e-17,3.659859826511254886e-18,9.851209621668850502e+00,-4.744602335236266798e-16,3.128810342125440353e-16
2.540000000000000036e-01,0.000000000000000000e+00,7.931558912828000699e-03,-4.866663254006062256e-01,0.000000000000000000e+00,-9.826595329684250854e-03,-3.765813634029684387e+00,9.999105363106175481e-01,1.337607472411396665e-02,0.000000000000000000e+00,0.000000000000000000e+00,6.893628179215435803e-02,0.000000000000000000e+00,0.000000000000000000e+00,4.417560084253353339e-19,9.973995724275991001e-03,-3.593596427692509476e-02,4.106418914055929294e-18,7.624052470648685909e-02,-3.733867019123636166e-01,9.379481464824405146e-01,3.467755425155787385e-01,-1.618444212074722196e-17,3.955554668580949629e-18,9.851209492699572579e+00,-4.876611434880786662e-16,3.330669073875468635e-16
2.560000000000000053e-01,0.000000000000000000e+00,8.114665239483242337e-03,-4.942240376618113884e-01,0.000000000000000000e+00,-9.819767963368690455e-03,-3.794086557086506328e+00,9.999096150209342282e-01,1.344476807903509548e-02,0.000000000000000000e+00,0.000000000000000000e+00,6.846279458421554442e-02,0.000000000000000000e+00,0.000000000000000000e+00,4.683322983539115374e-19,1.058932358642050708e-02,-3.640014459140224895e-02,4.449418401375095666e-18,8.171689052304098588e-02,-3.811182650384538628e-01,9.344865312988681616e-01,3.559984904431708896e-01,-1.672803626662410218e-17,4.267647539996962975e-18,9.851209927710929293e+00,-5.004891997368060446e-16,3.582992488563004481e-16
2.580000000000000071e-01,0.000000000000000000e+00,8.300345969773616217e-03,-5.018382236799500129e-01,0.000000000000000000e+00,-9.810541592608501213e-03,-3.822333475079949139e+00,9.999086953928529864e-01,1.351298922425028456e-02,0.000000000000000000e+00,0.000000000000000000e+00,6.799190292334172936e-02,0.000000000000000000e+00,0.000000000000000000e+00,4.960921550959808795e-19,1.123254888924126935e-02,-3.685638741056557199e-02,4.806509113918735447e-18,8.732552381737004876e-02,-3.892468808098571431e-01,9.309342280991358409e-01,3.651868909616831638e-01,-1.728989056920983789e-17,4.596052930364156754e-18,9.851210907697307562e+00,-5.129444019183945530e-16,3.784851220313032764e-16
2.600000000000000089e-01,0.000000000000000000e+00,8.488612749685965631e-03,-5.095088307750988976e-01,0.000000000000000000e+00,-9.798897574100157160e-03,-3.850554216726578272e+00,9.999077774880017477e-01,1.358074073888361662e-02,0.000000000000000000e+00,0.000000000000000000e+00,6.752357247092748149e-02,0.000000000000000000e+00,0.000000000000000000e+00,5.250627419432350066e-19,1.190432430924632211e-02,-3.730418192114265397e-02,5.193585612014278811e-18,9.305339315870049532e-02,-3.977804357155926285e-01,9.272915813996485124e-01,3.743398528638387512e-01,-1.785350853887205275e-17,4.949832134893071057e-18,9.851212407750626454e+00,-4.879778872862055592e-16,4.087639317938075681e-16
2.620000000000000107e-01,0.000000000000000000e+00,8.679477111780579263e-03,-5.172358059263724162e-01,0.000000000000000000e+00,-9.784817390607570067e-03,-3.878748611424464254e+00,9.999068613671057149e-01,1.364802516833810153e-02,0.000000000000000000e+00,0.000000000000000000e+00,6.705777012786585944e-02,0.000000000000000000e+00,0.000000000000000000e+00,5.552699771397731156e-19,1.260529275021285249e-02,-3.774300327262310184e-02,5.590565311711451305e-18,9.888720699671678382e-02,-4.067262639746260788e-01,9.235589444751007848e-01,3.834564883488169040e-01,-1.844618552226454506e-17,5.323190185594876636e-18,9.851214399772306507e+00,-5.550328185302252782e-16,4.390427415563118598e-16
2.640000000000000124e-01,0.000000000000000000e+00,8.872950475725442654e-03,-5.250190957733316122e-01,0.000000000000000000e+00,-9.768282654027488077e-03,-3.906916489256989422e+00,9.999059470899941404e-01,1.371484502550955782e-02,0.000000000000000000e+00,0.000000000000000000e+00,6.659446398360858999e-02,0.000000000000000000e+00,0.000000000000000000e+00,5.867403631115384203e-19,1.333608676197373805e-02,-3.817231250241610863e-02,5.984975107198222902e-18,1.048134267168391170e-01,-4.160911378113660297e-01,9.197366793266030793e-01,3.925359131060868201e-01,-1.908574562986296804e-17,5.711438888793687051e-18,9.851216853633390613e+00,-5.660380302887862824e-16,4.743680196125668586e-16
2.660000000000000142e-01,0.000000000000000000e+00,9.069044148826059179e-03,-5.328586466173997893e-01,0.000000000000000000e+00,-9.749275108364961057e-03,-3.935057680996616014e+00,9.999050347156068774e-01,1.378120279195058778e-02,0.000000000000000000e+00,0.000000000000000000e+00,6.613362326725820417e-02,0.000000000000000000e+00,0.000000000000000000e+00,6.195020458478984735e-19,1.409732793990357141e-02,-3.859155648724740123e-02,6.416973867610901742e-18,1.108182799102440247e-01,-4.258812599321756820e-01,9.158251566487324302e-01,4.015772463998278363e-01,-1.973018071629609630e-17,6.134736777828309846e-18,9.851219737823534217e+00,-5.394558108161506200e-16,5.096932976688218573e-16
2.680000000000000160e-01,0.000000000000000000e+00,9.267769326551066056e-03,-5.407544044232853730e-01,0.000000000000000000e+00,-9.727776632618975045e-03,-3.963172018108612971e+00,9.999041243020009295e-01,1.384710091898661184e-02,0.000000000000000000e+00,0.000000000000000000e+00,6.567521830061524846e-02,0.000000000000000000e+00,0.000000000000000000e+00,6.535817617096563581e-19,1.488962630899248567e-02,-3.900016792460909293e-02,6.865109422112470020e-18,1.168877738132783062e-01,-4.361022583175042100e-01,9.118247557955948546e-01,4.105796111535915394e-01,-2.040558914393174227e-17,6.584180193473008573e-18,9.851223019918236901e+00,-6.047707507411736984e-16,5.500650440188275138e-16
2.700000000000000178e-01,0.000000000000000000e+00,9.469137093053841409e-03,-5.487063148204114338e-01,0.000000000000000000e+00,-9.703769243578460463e-03,-3.991259332754743649e+00,9.999032159063566683e-01,1.391254182878590151e-02,0.000000000000000000e+00,0.000000000000000000e+00,6.521922045309537508e-02,0.000000000000000000e+00,0.000000000000000000e+00,6.890063852027751008e-19,1.571357969689485962e-02,-3.939756534782191261e-02,7.325092586150522079e-18,1.230077088688138615e-01,-4.467591834079115420e-01,9.077358647459186081e-01,4.195421340350659056e-01,-2.112218299128004922e-17,7.060724690744634108e-18,9.851226666966775625e+00,-5.953665391300494009e-16,5.954832586625839267e-16
2.720000000000000195e-01,0.000000000000000000e+00,9.673158421690305347e-03,-5.567143231043524265e-01,0.000000000000000000e+00,-9.677235098528949933e-03,-4.019319457796913575e+00,9.999023095849846055e-01,1.397752791538541851e-02,0.000000000000000000e+00,0.000000000000000000e+00,6.476560209844699212e-02,0.000000000000000000e+00,0.000000000000000000e+00,7.258034404403159738e-19,1.656977310077829835e-02,-3.978315317792878447e-02,7.824644321859961735e-18,1.291636923607933363e-01,-4.578565077281087081e-01,9.035588800671817689e-01,4.284639455408650321e-01,-2.185634616219873117e-17,7.580297780252266022e-18,9.851230645831115851e+00,-6.036789039932010643e-16,6.459479416000910960e-16
2.740000000000000213e-01,0.000000000000000000e+00,9.879844175533085068e-03,-5.647783742382775918e-01,0.000000000000000000e+00,-9.648156497870357534e-03,-4.047352226800777331e+00,9.999014053933313884e-01,1.404206154567425383e-02,0.000000000000000000e+00,0.000000000000000000e+00,6.431433657320470565e-02,0.000000000000000000e+00,0.000000000000000000e+00,7.639992339162061257e-19,1.745877805317024717e-02,-4.015632181522275218e-02,8.344691302468929164e-18,1.353411520726053030e-01,-4.693981279614231616e-01,8.992942068787723731e-01,4.373441800812858382e-01,-2.263814446320009211e-17,8.142495818913606552e-18,9.851234923484151196e+00,-6.480044200463617215e-16,7.165984977126010935e-16
2.760000000000000231e-01,0.000000000000000000e+00,1.008920510788223653e-02,-5.728984128544006849e-01,0.000000000000000000e+00,-9.616515887646377367e-03,-4.075357474039305927e+00,9.999005033859861280e-01,1.410614506033634231e-02,0.000000000000000000e+00,0.000000000000000000e+00,6.386539813679971422e-02,0.000000000000000000e+00,0.000000000000000000e+00,8.036203597560711019e-19,1.838115199230081279e-02,-4.051644777273253478e-02,8.901983954557055303e-18,1.415253499199296272e-01,-4.813873694580216855e-01,8.949422588141823232e-01,4.461819760649782252e-01,-2.346526115020607746e-17,8.765072188212851452e-18,9.851239467268811723e+00,-6.355759309456245362e-16,7.973419904126125052e-16
2.780000000000000249e-01,0.000000000000000000e+00,1.030125186277267707e-02,-5.810743832554369215e-01,0.000000000000000000e+00,-9.582295861986120725e-03,-4.103335034496313760e+00,9.998996036166866164e-01,1.416978077475409756e-02,0.000000000000000000e+00,0.000000000000000000e+00,6.341876193326896616e-02,0.000000000000000000e+00,0.000000000000000000e+00,8.446930109136657417e-19,1.933743764266788318e-02,-4.086289385345733688e-02,9.502887668375731595e-18,1.477013955092468800e-01,-4.938269931339077101e-01,8.905034579822377339e-01,4.549764759834775130e-01,-2.434033091576056234e-17,9.454695856515988023e-18,9.851244245118662590e+00,-6.772914527471611082e-16,8.831319514063745746e-16
2.800000000000000266e-01,0.000000000000000000e+00,1.051599497547849732e-02,-5.893062294160659187e-01,0.000000000000000000e+00,-9.545479165458710044e-03,-4.131284743869945153e+00,9.998987061383256547e-01,1.423297097987452284e-02,0.000000000000000000e+00,0.000000000000000000e+00,6.297440395450210060e-02,0.000000000000000000e+00,0.000000000000000000e+00,8.872427670343996065e-19,2.032816241170300881e-02,-4.119500937257033341e-02,1.014008112201160831e-17,1.538542595742539709e-01,-5.067192046942160522e-01,8.859782349273721547e-01,4.637268264955483610e-01,-2.528722516811991055e-17,1.021887361548048840e-17,9.851249225740549065e+00,-6.988461171367031412e-16,9.992007221626408864e-16
2.820000000000000284e-01,0.000000000000000000e+00,1.073344487301430492e-02,-5.975938949844014081e-01,0.000000000000000000e+00,-9.506048695341589444e-03,-4.159206438576119602e+00,9.998978110029568267e-01,1.429571794303930929e-02,0.000000000000000000e+00,0.000000000000000000e+00,6.253230100496028065e-02,0.000000000000000000e+00,0.000000000000000000e+00,9.312958676754348701e-19,2.135383780849353999e-02,-4.151213042520907059e-02,1.078820446428587966e-17,1.599687872439139458e-01,-5.200656660936490150e-01,8.813670285889509959e-01,4.724321785112914340e-01,-2.634698662163939465e-17,1.105823217907126525e-17,9.851254378760717856e+00,-8.109307977566536271e-16,1.125362429506408711e-15
2.840000000000000302e-01,0.000000000000000000e+00,1.095361187463373548e-02,-6.059373232834672773e-01,0.000000000000000000e+00,-9.463987503803414011e-03,-4.187099955751938829e+00,9.998969182618009377e-01,1.435802390878035927e-02,0.000000000000000000e+00,0.000000000000000000e+00,6.209243066780940207e-02,0.000000000000000000e+00,0.000000000000000000e+00,9.768816599562864783e-19,2.241495889051899754e-02,-4.181358019985162433e-02,1.144876036800797699e-17,1.660297110977366764e-01,-5.338675091289760699e-01,8.766702862596588153e-01,4.810916872759669061e-01,-2.753267035387648847e-17,1.197952134042783827e-17,9.851259674836365221e+00,-8.468048966517421877e-16,1.266663541731428706e-15
2.860000000000000320e-01,0.000000000000000000e+00,1.117650619232529036e-02,-6.143364573126796069e-01,0.000000000000000000e+00,-9.419278800002419891e-03,-4.214965133259049423e+00,9.998960279652520100e-01,1.441989109958213833e-02,0.000000000000000000e+00,0.000000000000000000e+00,6.165477127241917460e-02,0.000000000000000000e+00,0.000000000000000000e+00,1.024033116989799199e-18,2.351200374428960571e-02,-4.209866933664987293e-02,1.213230042279695375e-17,1.720216639660855640e-01,-5.481253510432364529e-01,8.718884635429605678e-01,4.897045124534913363e-01,-2.884889640765046049e-17,1.299334274330392250e-17,9.851265085735434468e+00,-9.542910058139884799e-16,1.418057590543950017e-15
2.880000000000000338e-01,0.000000000000000000e+00,1.140213793130561044e-02,-6.227912397493357011e-01,0.000000000000000000e+00,-9.371905952101231008e-03,-4.242801809686970849e+00,9.998951401628831670e-01,1.448132171661216556e-02,0.000000000000000000e+00,0.000000000000000000e+00,6.121930186316143496e-02,0.000000000000000000e+00,0.000000000000000000e+00,1.072786318473168515e-18,2.464543289632997736e-02,-4.236669651643201751e-02,1.287484146643585822e-17,1.779628110731476531e-01,-5.628285449376695393e-01,8.670370961191591341e-01,4.982435913616377055e-01,-3.028859971283527334e-17,1.412553878046120136e-17,9.790973931208519332e+00,-9.480981167585075369e-16,1.599730449118975668e-15
2.899999999999999800e-01,0.000000000000000000e+00,1.163051709051032313e-02,-6.313016129501081153e-01,0.000000000000000000e+00,-9.321852489199144998e-03,-4.270609824356375483e+00,9.998942549034530725e-01,1.454231794042094676e-02,0.000000000000000000e+00,0.000000000000000000e+00,6.078600216947306623e-02,0.000000000000000000e+00,0.000000000000000000e+00,1.123178682625873470e-18,2.581568785532849589e-02,-4.261695148754638535e-02,1.371501285794769637e-17,1.839352107617627519e-01,-5.779449275377031015e-01,8.621602790012048434e-01,5.066356242075780170e-01,-3.184681336013650634e-17,1.540218814876740398e-17,9.621982332403133498e+00,-1.013150568857198507e-15,1.796542712575253490e-15
2.919999999999999818e-01,0.000000000000000000e+00,1.186165356308258208e-02,-6.398675189525456775e-01,0.000000000000000000e+00,-9.269102103182959990e-03,-4.298389017322334915e+00,9.998933722349114817e-01,1.460288193161257339e-02,0.000000000000000000e+00,0.000000000000000000e+00,6.035485257712117774e-02,0.000000000000000000e+00,0.000000000000000000e+00,1.175247749491795531e-18,2.702318892782309273e-02,-4.284872218244017983e-02,1.462259443002969082e-17,1.900052787392054188e-01,-5.934461072570585971e-01,8.572951215471115161e-01,5.148252878457223458e-01,-3.357767480769963708e-17,1.682177181505217622e-17,9.430256784010458304e+00,-1.093773842008183604e-15,2.033726722381536969e-15
2.939999999999999836e-01,0.000000000000000000e+00,1.209555713685940906e-02,-6.484888994765802828e-01,0.000000000000000000e+00,-9.213638650497429916e-03,-4.326139229377519158e+00,9.998924922044056807e-01,1.466301583148716184e-02,0.000000000000000000e+00,0.000000000000000000e+00,5.992583410062032184e-02,0.000000000000000000e+00,0.000000000000000000e+00,1.229034233926826557e-18,2.826833459827678488e-02,-4.306130101703277424e-02,1.562186876391863513e-17,1.961789823396177246e-01,-6.093226727664795561e-01,8.524516505128643118e-01,5.228060692078462246e-01,-3.549461205151970084e-17,1.840738984059068129e-17,9.241466726135207921e+00,-1.152692756816675764e-15,2.286050137069072618e-15
2.959999999999999853e-01,0.000000000000000000e+00,1.233223749485595246e-02,-6.571656959260392394e-01,0.000000000000000000e+00,-9.155446153836491532e-03,-4.353860302055359455e+00,9.998916148582861485e-01,1.472272176265627432e-02,0.000000000000000000e+00,0.000000000000000000e+00,5.949892835677355468e-02,0.000000000000000000e+00,0.000000000000000000e+00,1.284581895936543178e-18,2.955150239108288515e-02,-4.325398706995863679e-02,1.674959555290751474e-17,2.024493450114095427e-01,-6.255691581746511964e-01,8.476337256840903445e-01,5.305818217517136448e-01,-3.760196552572406213e-17,2.018496144102746233e-17,9.053958904973518074e+00,-1.208173692097234633e-15,2.573698829812863068e-15
2.979999999999999871e-01,0.000000000000000000e+00,1.257170421574775945e-02,-6.658978493901637208e-01,0.000000000000000000e+00,-9.094508803756454901e-03,-4.381552077633170228e+00,9.998907402421129964e-01,1.478200182963241779e-02,0.000000000000000000e+00,0.000000000000000000e+00,5.907411753927408610e-02,0.000000000000000000e+00,0.000000000000000000e+00,1.341936484373955318e-18,3.087304962018615553e-02,-4.342608672091289451e-02,1.801735815640755320e-17,2.088125344501406411e-01,-6.421788653242482825e-01,8.428460610334586045e-01,5.381547360363454491e-01,-3.993583681694511834e-17,2.217854884217276687e-17,8.865466223831287351e+00,-1.296790254219128549e-15,2.906765737200410031e-15
2.999999999999999889e-01,0.000000000000000000e+00,1.281396677435115566e-02,-6.746853006451329904e-01,0.000000000000000000e+00,-9.030810960212350830e-03,-4.409214399135224838e+00,9.998898684006614079e-01,1.484085811939366527e-02,0.000000000000000000e+00,0.000000000000000000e+00,5.865138439433921491e-02,0.000000000000000000e+00,0.000000000000000000e+00,1.401146398942127510e-18,3.223331401892634562e-02,-4.357691425706180371e-02,1.946692878734654594e-17,2.152667280375427372e-01,-6.591442658149941902e-01,8.380937321226387127e-01,5.455262585080533633e-01,-4.252095753940788435e-17,2.442827682202617442e-17,8.676416838940822274e+00,-1.344025302129969733e-15,3.290297327525463965e-15
3.019999999999999907e-01,0.000000000000000000e+00,1.305903454210183626e-02,-6.835279901555940674e-01,0.000000000000000000e+00,-8.964337154018661713e-03,-4.436847110335796707e+00,9.998889993779280783e-01,1.489929270192439162e-02,0.000000000000000000e+00,0.000000000000000000e+00,5.823071219732581932e-02,0.000000000000000000e+00,0.000000000000000000e+00,1.462261970693229555e-18,3.363261439410107634e-02,-4.370579253891918037e-02,2.118587938290136153e-17,2.218100411253019488e-01,-6.764577289294830820e-01,8.333812997033274161e-01,5.526984818833905466e-01,-4.536450170000309854e-17,2.699764413402740811e-17,8.487846650521705172e+00,-1.367778486680010434e-15,3.739433005669277041e-15
3.039999999999999925e-01,0.000000000000000000e+00,1.330691678753175185e-02,-6.924258580761971649e-01,0.000000000000000000e+00,-8.895072088235681310e-03,-4.464450055762156921e+00,9.998881332171372094e-01,1.495730763073312326e-02,0.000000000000000000e+00,0.000000000000000000e+00,5.781208473029681577e-02,0.000000000000000000e+00,0.000000000000000000e+00,1.525333130719305013e-18,3.507125132441395177e-02,-4.381205359350118927e-02,2.316679471570323496e-17,2.284402003061841713e-01,-6.941116779578807572e-01,8.287126891292145858e-01,5.596742637222827943e-01,-4.855600105978926621e-17,2.992321790658887099e-17,8.300525729708239098e+00,-1.515207025491226019e-15,4.284451581394354391e-15
3.059999999999999942e-01,0.000000000000000000e+00,1.355762267674436028e-02,-7.013788442531365686e-01,0.000000000000000000e+00,-8.823000639482766333e-03,-4.492023080697528314e+00,9.998872699607461723e-01,1.501490494334838804e-02,0.000000000000000000e+00,0.000000000000000000e+00,5.739548626049265773e-02,0.000000000000000000e+00,0.000000000000000000e+00,1.590412672186092555e-18,3.654950788220943936e-02,-4.389503910175795304e-02,2.541280763073038925e-17,2.351547447856063011e-01,-7.120985660914832538e-01,8.240912952942102132e-01,5.664570059956525183e-01,-5.219204599602110882e-17,3.325147244511286798e-17,8.115016202409242041e+00,-1.637303777447452507e-15,4.920306586406943974e-15
3.079999999999999960e-01,0.000000000000000000e+00,1.381116127388834491e-02,-7.103868882256968442e-01,0.000000000000000000e+00,-8.748107859179760082e-03,-4.519566031184004018e+00,9.998864096504518351e-01,1.507208666179349517e-02,0.000000000000000000e+00,0.000000000000000000e+00,5.698090151968317196e-02,0.000000000000000000e+00,0.000000000000000000e+00,1.657559556964044130e-18,3.806765036412974174e-02,-4.395410079465225661e-02,2.800746614433160541e-17,2.419511237668920400e-01,-7.304108811360033870e-01,8.195200457459882459e-01,5.730505189466260640e-01,-5.632048777644054632e-17,3.705491756918365131e-17,7.931802043434069915e+00,-1.770244131518293756e-15,5.641951552413295725e-15
3.099999999999999978e-01,0.000000000000000000e+00,1.406754154162985146e-02,-7.194499292278045965e-01,0.000000000000000000e+00,-8.670378974717885684e-03,-4.547078754025417169e+00,9.998855523271965584e-01,1.512885479304108133e-02,0.000000000000000000e+00,0.000000000000000000e+00,5.656831568435222168e-02,0.000000000000000000e+00,0.000000000000000000e+00,1.726838499043078222e-18,3.962592902365633801e-02,-4.398860077077760417e-02,3.096897616409543892e-17,2.488266989586117861e-01,-7.490411773375510451e-01,8.150014266153063902e-01,5.794589521972834945e-01,-6.104383165001298935e-17,4.138636014085170150e-17,7.751313325686427724e+00,-1.987083889639824281e-15,6.484711757469664840e-15
3.119999999999999996e-01,0.000000000000000000e+00,1.432677234162333529e-02,-7.285679061895850017e-01,0.000000000000000000e+00,-8.589799390561396117e-03,-4.574561096790175974e+00,9.998846980311739685e-01,1.518521132944824527e-02,0.000000000000000000e+00,0.000000000000000000e+00,5.615771435669159733e-02,0.000000000000000000e+00,0.000000000000000000e+00,1.798322492273204200e-18,4.122457880001557939e-02,-4.399791174223971479e-02,3.442901741964341482e-17,2.557787421509862824e-01,-7.679821047955588398e-01,8.105375079553875928e-01,5.856867344279220733e-01,-6.642215136921117816e-17,4.634991621066482563e-17,7.573917204133204351e+00,-2.083176236446620176e-15,7.448587201576050531e-15
3.140000000000000013e-01,0.000000000000000000e+00,1.458886243498106958e-02,-7.377407577389243354e-01,0.000000000000000000e+00,-8.506354689281302867e-03,-4.602012907814055254e+00,9.998838468018350634e-01,1.524115824917307051e-02,0.000000000000000000e+00,0.000000000000000000e+00,5.574908354637229252e-02,0.000000000000000000e+00,0.000000000000000000e+00,1.872091079061993795e-18,4.286382003816779918e-02,-4.398141721450742059e-02,3.851830438451114665e-17,2.628044463880342407e-01,-7.872264304381514366e-01,8.061299751368281585e-01,5.917385114160079729e-01,-7.254861470434984063e-17,5.206273047625554027e-17,7.399917407211767717e+00,-2.297677958890850787e-15,8.594135504257461478e-15
3.160000000000000031e-01,0.000000000000000000e+00,1.485382048274138007e-02,-7.469684222030366083e-01,0.000000000000000000e+00,-8.420030632522487735e-03,-4.629434036202946245e+00,9.998829986778945411e-01,1.529669751657329081e-02,0.000000000000000000e+00,0.000000000000000000e+00,5.534240965305060878e-02,0.000000000000000000e+00,0.000000000000000000e+00,1.948229707093564435e-18,4.454385919532601740e-02,-4.393851160651283949e-02,4.330771110838190361e-17,2.699009405886080848e-01,-8.067670542103576592e-01,8.017801615765351997e-01,5.976190887409461583e-01,-7.959761545382445544e-17,5.864230073820085681e-17,7.229560735890209422e+00,-2.517701725012941218e-15,9.956681943570154457e-15
3.180000000000000049e-01,0.000000000000000000e+00,1.512165504633567956e-02,-7.562508376100360863e-01,0.000000000000000000e+00,-8.330813161905486694e-03,-4.656824331835564657e+00,9.998821536973363511e-01,1.535183108258782007e-02,0.000000000000000000e+00,0.000000000000000000e+00,5.493767944959514204e-02,0.000000000000000000e+00,0.000000000000000000e+00,2.026832966174591501e-18,4.626488953037098673e-02,-4.386860031734196586e-02,4.903060331079242902e-17,2.770653023096182888e-01,-8.265970225672983895e-01,7.974890802801142264e-01,6.033333817851670444e-01,-8.769192790467586901e-17,6.627475412893146535e-17,7.063043582546776555e+00,-2.685715867311269505e-15,1.155136592439537888e-14
3.200000000000000067e-01,0.000000000000000000e+00,1.539237458805433820e-02,-7.655879416905141399e-01,0.000000000000000000e+00,-8.238688399864293674e-03,-4.684183645366118753e+00,9.998813118974200220e-01,1.540656088510185782e-02,0.000000000000000000e+00,0.000000000000000000e+00,5.453488006599877674e-02,0.000000000000000000e+00,0.000000000000000000e+00,2.108001869958425316e-18,4.802709177332572382e-02,-4.377109974550912053e-02,5.600608453846691803e-17,2.842945691677432607e-01,-8.467095394056199931e-01,7.932574540763507320e-01,6.088863722490117647e-01,-9.697247596205184011e-17,7.519914358975804391e-17,6.900517146845131400e+00,-2.817746548002197839e-15,1.346902387602065012e-14
3.220000000000000084e-01,0.000000000000000000e+00,1.566598747151145415e-02,-7.749796718791213124e-01,0.000000000000000000e+00,-8.143642650421483581e-03,-4.711511828226933929e+00,9.998804733146866575e-01,1.546088884929623999e-02,0.000000000000000000e+00,0.000000000000000000e+00,5.413399897394872984e-02,0.000000000000000000e+00,0.000000000000000000e+00,2.191839492602599511e-18,4.983063477271203190e-02,-4.364543726641530869e-02,6.448598133643293542e-17,2.915857498462725572e-01,-8.670979744128630706e-01,7.890857446381482898e-01,6.142830702386962161e-01,-1.077144069813366251e-16,8.567600519306353599e-17,6.742092200414568026e+00,-3.076921863512552248e-15,1.581563163261473142e-14
3.240000000000000102e-01,0.000000000000000000e+00,1.594250196210858159e-02,-7.844259653161538282e-01,0.000000000000000000e+00,-8.045662399901955600e-03,-4.738808732631039966e+00,9.998796379849649307e-01,1.551481688798167155e-02,0.000000000000000000e+00,0.000000000000000000e+00,5.373502397202576525e-02,0.000000000000000000e+00,0.000000000000000000e+00,2.278452612046636682e-18,5.167567611918521403e-02,-4.349105117322216163e-02,7.479715744522190215e-17,2.989358346746935347e-01,-8.877558691192687368e-01,7.849741800909713074e-01,6.195284814899147952e-01,-1.202582292966802663e-16,9.803283549973774536e-17,6.587843745276710905e+00,-3.311024815359920382e-15,1.867193268687763330e-14
3.260000000000000120e-01,0.000000000000000000e+00,1.622192622749743171e-02,-7.939267588491452088e-01,0.000000000000000000e+00,-7.944734317586599551e-03,-4.766074211574711228e+00,9.998788059433771913e-01,1.556834690191846900e-02,0.000000000000000000e+00,0.000000000000000000e+00,5.333794317151726444e-02,0.000000000000000000e+00,0.000000000000000000e+00,2.367953812897136722e-18,5.356236274434564987e-02,-4.330739058599631514e-02,8.741022046006626516e-17,3.063418055385686567e-01,-9.086769410012569548e-01,7.809227809896936989e-01,6.246275793868310000e-01,-1.349764664782186151e-16,1.126797714390133217e-16,6.437815433242576546e+00,-3.607766592676727791e-15,2.212876346809686956e-14
3.280000000000000138e-01,0.000000000000000000e+00,1.650426833804164231e-02,-8.034819890344619964e-01,0.000000000000000000e+00,-7.840845256307189814e-03,-4.793308118839970433e+00,9.998779772243453490e-01,1.562148078012241120e-02,0.000000000000000000e+00,0.000000000000000000e+00,5.294274498280697461e-02,0.000000000000000000e+00,0.000000000000000000e+00,2.460460868521398310e-18,5.549083149405655696e-02,-4.309391533358762627e-02,1.029344264672478757e-16,3.138006450425755434e-01,-9.298550859136255342e-01,7.769313845603903479e-01,6.295852813527834657e-01,-1.523250024601061845e-16,1.301280417252337355e-16,6.292023632599716976e+00,-3.868785628794904820e-15,2.635770389825996613e-14
3.300000000000000155e-01,0.000000000000000000e+00,1.678953626727759663e-02,-8.130915921389044732e-01,0.000000000000000000e+00,-7.733982252983803533e-03,-4.820510308997047133e+00,9.998771518615972020e-01,1.567422040015726062e-02,0.000000000000000000e+00,0.000000000000000000e+00,5.254941810233231675e-02,0.000000000000000000e+00,0.000000000000000000e+00,2.556095061532979427e-18,5.746120967595878121e-02,-4.285009581231347120e-02,1.221433807816537552e-16,3.213093449452965045e-01,-9.512843790770738606e-01,7.729996671806250719e-01,6.344064291606558159e-01,-1.728777845550498007e-16,1.510165590323828337e-16,6.150461138496742031e+00,-4.197881947809559602e-15,3.153538036764819818e-14
3.320000000000000173e-01,0.000000000000000000e+00,1.707773789237438875e-02,-8.227555041413114889e-01,0.000000000000000000e+00,-7.624132529106019025e-03,-4.847680637406797999e+00,9.998763298881723216e-01,1.572656762841451519e-02,0.000000000000000000e+00,0.000000000000000000e+00,5.215795150007010439e-02,0.000000000000000000e+00,0.000000000000000000e+00,2.654978995182606695e-18,5.947361558117418567e-02,-4.257541282514156616e-02,1.460414650594965897e-16,3.288649138819765283e-01,-9.729590748300196434e-01,7.691271651043992685e-01,6.390957727368309360e-01,-1.973467643799436758e-16,1.761481963717697941e-16,6.013100549322470734e+00,-4.475157731826682707e-15,3.791411629094909586e-14
3.340000000000000191e-01,0.000000000000000000e+00,1.736888099459292165e-02,-8.324736607341699512e-01,0.000000000000000000e+00,-7.511283491159175506e-03,-4.874818960223083586e+00,9.998755113364280467e-01,1.577852432038089753e-02,0.000000000000000000e+00,0.000000000000000000e+00,5.176833440754739085e-02,0.000000000000000000e+00,0.000000000000000000e+00,2.757232656105266121e-18,6.152815898043573206e-02,-4.226935740470042641e-02,1.760450493871296978e-16,3.364643843835262715e-01,-9.948736053380137223e-01,7.653132934617122851e-01,6.436579570637588343e-01,-2.265838689122110712e-16,2.065763368982029778e-16,5.879897320542771588e+00,-4.689567619478055537e-15,4.580679270237520585e-14
3.360000000000000209e-01,0.000000000000000000e+00,1.766297325974420726e-02,-8.422459973252280907e-01,0.000000000000000000e+00,-7.395422730996981282e-03,-4.901925134395102468e+00,9.998746962380457015e-01,1.583009232089411730e-02,0.000000000000000000e+00,0.000000000000000000e+00,5.138055630634669885e-02,0.000000000000000000e+00,0.000000000000000000e+00,2.862963667507819510e-18,6.362494159508198799e-02,-4.193143062310192987e-02,2.140019845786794130e-16,3.441048192098152825e-01,-1.017022578432725144e+00,7.615573635864000268e-01,6.480975118115972489e-01,-2.616806613498779981e-16,2.436478971165263411e-16,5.750792506048461483e+00,-4.808669509548176947e-15,5.565749881177659708e-14
3.380000000000000226e-01,0.000000000000000000e+00,1.796002227864687550e-02,-8.520724490391136108e-01,0.000000000000000000e+00,-7.276538026161691666e-03,-4.928999017669688065e+00,9.998738846240367018e-01,1.588127346438737708e-02,0.000000000000000000e+00,0.000000000000000000e+00,5.099460691708414956e-02,0.000000000000000000e+00,0.000000000000000000e+00,2.972254592779649219e-18,6.576405754351148658e-02,-4.156114339123702373e-02,2.622240080850489453e-16,3.517833170264643150e-01,-1.039400774731302990e+00,7.578585987445081162e-01,6.524188433558032463e-01,-3.041011306525769451e-16,2.890693319054290803e-16,5.625715203479499493e+00,-4.925631129864032846e-15,6.805162494122834981e-14
3.400000000000000244e-01,0.000000000000000000e+00,1.826003554758394432e-02,-8.619529507189552797e-01,0.000000000000000000e+00,-7.154617340153082185e-03,-4.956040468593559289e+00,9.998730765247484387e-01,1.593206957512308120e-02,0.000000000000000000e+00,0.000000000000000000e+00,5.061047618884548238e-02,0.000000000000000000e+00,0.000000000000000000e+00,3.085150308558419172e-18,6.794559376381469062e-02,-4.115801624990498425e-02,3.238243105792425345e-16,3.594970174592780343e-01,-1.062003144168754964e+00,7.542161483473156514e-01,6.566262288668359703e-01,-3.556901054729580534e-16,3.450521440024713479e-16,5.504584724055665568e+00,-4.814420605018235046e-15,8.366539784209305019e-14
3.420000000000000262e-01,0.000000000000000000e+00,1.856302046875885764e-02,-8.718874369280092962e-01,0.000000000000000000e+00,-7.029648822647459154e-03,-4.983049346515532108e+00,9.998722719698704964e-01,1.598248246741620568e-02,0.000000000000000000e+00,0.000000000000000000e+00,5.022815428906504676e-02,0.000000000000000000e+00,0.000000000000000000e+00,3.201638202465038148e-18,7.016963041339280283e-02,-4.072157915485908469e-02,4.030285558042576235e-16,3.672431055622681351e-01,-1.084824802059890070e+00,7.506291007402332571e-01,6.607238121878892256e-01,-4.187785710221727145e-16,4.144826016908654257e-16,5.387312508097389596e+00,-4.483553984101814142e-15,1.034778323633583357e-13
3.440000000000000280e-01,0.000000000000000000e+00,1.886898435075082606e-02,-8.818758419512888747e-01,0.000000000000000000e+00,-6.901620809667928860e-03,-5.010025511588690250e+00,9.998714709884406471e-01,1.603251394584775599e-02,0.000000000000000000e+00,0.000000000000000000e+00,4.984763159382501335e-02,0.000000000000000000e+00,0.000000000000000000e+00,3.321617124944715438e-18,7.243624124643859019e-02,-4.025137125759734730e-02,5.054513320480007622e-16,3.750188157365946240e-01,-1.107861024792519578e+00,7.470964946627759451e-01,6.647156012451420626e-01,-4.963967638539120430e-16,5.011131429247278369e-16,5.273803807233485408e+00,-3.748532092854812489e-15,1.287303597052869009e-13
3.460000000000000298e-01,0.000000000000000000e+00,1.917793440896948740e-02,-8.919180997971980496e-01,0.000000000000000000e+00,-6.770521823707107562e-03,-5.036968824772513287e+00,9.998706736088509572e-01,1.608216580546874622e-02,0.000000000000000000e+00,0.000000000000000000e+00,4.946889867855933792e-02,0.000000000000000000e+00,0.000000000000000000e+00,3.444855091273463225e-18,7.474549397019814023e-02,-3.974694068349521325e-02,6.386670229034725007e-16,3.828214351385920144e-01,-1.131107245240060122e+00,7.436173294762333796e-01,6.686054667620884295e-01,-5.924687811047493723e-16,6.098664886164190561e-16,5.163959154092569115e+00,-2.469995148876138650e-15,1.611135467462851985e-13
3.480000000000000315e-01,0.000000000000000000e+00,1.948987776610892550e-02,-9.020141441991694764e-01,0.000000000000000000e+00,-6.636340573803444984e-03,-5.063879147834962069e+00,9.998698798588537828e-01,1.613143983199505360e-02,0.000000000000000000e+00,0.000000000000000000e+00,4.909194630914410357e-02,0.000000000000000000e+00,0.000000000000000000e+00,3.570929444090827881e-18,7.709745058095872350e-02,-3.920784430866693787e-02,8.128724727447542344e-16,3.906483066149226135e-01,-1.154559047969577312e+00,7.401905742549272915e-01,6.723971420750105565e-01,-7.121297766919577818e-16,7.472150445982619797e-16,5.057675639746884499e+00,-3.838932105760307945e-16,2.028528860038973131e-13
3.500000000000000333e-01,0.000000000000000000e+00,1.980482145260104021e-02,-9.121639086173055633e-01,0.000000000000000000e+00,-6.499065955572325311e-03,-5.090756343354525093e+00,9.998690897655679866e-01,1.618033780199356481e-02,0.000000000000000000e+00,0.000000000000000000e+00,4.871676543336438125e-02,0.000000000000000000e+00,0.000000000000000000e+00,3.699144123662943218e-18,7.949216768071883099e-02,-3.863364753675307961e-02,1.041920570702681276e-15,3.984968312020180647e-01,-1.178212164310563859e+00,7.368151758345850011e-01,6.760942238703735452e-01,-8.620946730656582529e-16,9.217185016807618267e-16,4.954848018215917804e+00,2.884216041642862867e-15,2.569257937714361575e-13
3.519999999999999796e-01,0.000000000000000000e+00,2.012277240706830325e-02,-9.223673262400234885e-01,0.000000000000000000e+00,-6.358687051193097524e-03,-5.117600274722222231e+00,9.998683033554848221e-01,1.622886148305997464e-02,0.000000000000000000e+00,0.000000000000000000e+00,4.834334717273679888e-02,0.000000000000000000e+00,0.000000000000000000e+00,3.828412779857912175e-18,8.192969677549549745e-02,-3.802392407666121271e-02,1.344738714092204183e-15,4.063644702256818952e-01,-1.202062467340186291e+00,7.334900659078514851e-01,6.797001736866796762e-01,-1.051178448088028493e-15,1.144757313492446163e-15,4.855369656143091461e+00,7.898946039456572870e-15,3.273341194058460666e-13
3.539999999999999813e-01,0.000000000000000000e+00,2.044373747677592432e-02,-9.326243299857035485e-01,0.000000000000000000e+00,-6.215193129353200827e-03,-5.144410806143567605e+00,9.998675206544740401e-01,1.627701263398857387e-02,0.000000000000000000e+00,0.000000000000000000e+00,4.797168281468573020e-02,0.000000000000000000e+00,0.000000000000000000e+00,3.957092169082627937e-18,8.441008455621347439e-02,-3.737825572213492736e-02,1.747473897975791459e-15,4.142487470351668422e-01,-1.226105966832269356e+00,7.302141672526637484e-01,6.832183200431125591e-01,-1.290959881036720607e-15,1.431583856113184874e-15,4.759133344493507778e+00,1.558940961942613712e-14,4.194876769180277551e-13
3.559999999999999831e-01,0.000000000000000000e+00,2.076772341808341693e-02,-9.429348525043413920e-01,0.000000000000000000e+00,-6.068573645150464151e-03,-5.171187802640489828e+00,9.998667416877902170e-01,1.632479300493438340e-02,0.000000000000000000e+00,0.000000000000000000e+00,4.760176380503314958e-02,0.000000000000000000e+00,0.000000000000000000e+00,4.082740490991681583e-18,8.693337316310233154e-02,-3.669623213389047733e-02,2.286207608851922766e-15,4.221472484042723683e-01,-1.250338804209827792e+00,7.269863991743785725e-01,6.866518610751858320e-01,-1.596825926580183944e-15,1.802707557423848206e-15,4.666031987809996728e+00,2.701959392549437696e-14,5.408199141046760256e-13
3.579999999999999849e-01,0.000000000000000000e+00,2.109473689689560227e-02,-9.532988261792030293e-01,0.000000000000000000e+00,-5.918818239954663947e-03,-5.197931130053211390e+00,9.998659664800783053e-01,1.637220433756793325e-02,0.000000000000000000e+00,0.000000000000000000e+00,4.723358174081920824e-02,0.000000000000000000e+00,0.000000000000000000e+00,4.201774729546878074e-18,8.949960043450344571e-02,-3.597745062494019097e-02,3.010763515488072774e-15,4.300576256300991940e-01,-1.274757247534404891e+00,7.238056822374056010e-01,6.900038675736613891e-01,-1.989402830046840417e-15,2.285798757533957320e-15,4.575959185254007799e+00,4.382869320151416769e-14,7.014489998947609906e-13
3.599999999999999867e-01,0.000000000000000000e+00,2.142478448911304054e-02,-9.637161831284839497e-01,0.000000000000000000e+00,-5.765916741229471301e-03,-5.224640655042089854e+00,9.998651950553800738e-01,1.641924836522302977e-02,0.000000000000000000e+00,0.000000000000000000e+00,4.686712836342329241e-02,0.000000000000000000e+00,0.000000000000000000e+00,4.308989634364284896e-18,9.210880014096005375e-02,-3.522151594961532572e-02,3.990652657321828059e-15,4.379775953581308001e-01,-1.299357686559756253e+00,7.206709423568229411e-01,6.932772863373309891e-01,-2.496315238396220904e-15,2.918451459419058035e-15,4.488809716356183976e+00,6.858383303938520664e-14,9.152022574131595950e-13
3.619999999999999885e-01,0.000000000000000000e+00,2.175787268108192798e-02,-9.741868552069705700e-01,0.000000000000000000e+00,-5.609859162315832676e-03,-5.251316245089411083e+00,9.998644274371399909e-01,1.646592681303777825e-02,0.000000000000000000e+00,0.000000000000000000e+00,4.650239555197860364e-02,0.000000000000000000e+00,0.000000000000000000e+00,4.396869105924692283e-18,9.476100220543157149e-02,-3.442804009670717008e-02,5.323134324260518820e-15,4.459049401603448759e-01,-1.324136627872418925e+00,7.175811143151809013e-01,6.964749437629647044e-01,-3.154788613602300573e-15,3.751950666312984465e-15,4.404479943163713607e+00,1.047149086874011144e-13,1.201185615620011923e-12
3.639999999999999902e-01,0.000000000000000000e+00,2.209400787004344238e-02,-9.847107740077055693e-01,0.000000000000000000e+00,-5.450635702177822513e-03,-5.277957768501146951e+00,9.998636636482112205e-01,1.651224139808916969e-02,0.000000000000000000e+00,0.000000000000000000e+00,4.613937531706280293e-02,0.000000000000000000e+00,0.000000000000000000e+00,4.454602223779711259e-18,9.745623291043926939e-02,-3.359664208706287375e-02,7.144864913528880716e-15,4.538375088911148492e-01,-1.349090690137369375e+00,7.145351447645282850e-01,6.995995496069681296e-01,-4.015272476438169765e-15,4.856600721601588737e-15,4.322868139301482060e+00,1.574407183419758907e-13,1.585847614842865077e-12
3.659999999999999920e-01,0.000000000000000000e+00,2.243319636458255412e-02,-9.952878708636559990e-01,0.000000000000000000e+00,-5.288236745112013734e-03,-5.304565094408670411e+00,9.998629037108617279e-01,1.655819382952149546e-02,0.000000000000000000e+00,0.000000000000000000e+00,4.577805979466699482e-02,0.000000000000000000e+00,0.000000000000000000e+00,4.466676386406776987e-18,1.001945150929146461e-01,-3.272694777590037102e-02,9.648770393008571059e-15,4.617732168437730378e-01,-1.374216599463218724e+00,7.115319947686954416e-01,7.026537008631739134e-01,-5.146442073962114328e-15,6.329248731327197218e-15,4.243874755364146267e+00,2.341543536284450779e-13,2.105941683665105030e-12
3.679999999999999938e-01,0.000000000000000000e+00,2.277544438507631691e-02,-1.005918076849384279e+00,0.000000000000000000e+00,-5.122652860421365341e-03,-5.331138092770428827e+00,9.998621476467802749e-01,1.660378580866884654e-02,0.000000000000000000e+00,0.000000000000000000e+00,4.541844124041131275e-02,0.000000000000000000e+00,0.000000000000000000e+00,4.410859198626193540e-18,1.029758683274856479e-01,-3.181858966004386807e-02,1.310835282187558187e-14,4.697100457288950759e-01,-1.399511184898157401e+00,7.085706419360933150e-01,7.056398857098555855e-01,-6.642241060414152999e-15,8.303917014670249034e-15,4.167402629045307449e+00,3.457912789581302288e-13,2.812795451102470288e-12
3.699999999999999956e-01,0.000000000000000000e+00,2.312075806414164506e-02,-1.016601322782722194e+00,0.000000000000000000e+00,-4.953874802054649730e-03,-5.357676634373573776e+00,9.998613954770821932e-01,1.664901902917198875e-02,0.000000000000000000e+00,0.000000000000000000e+00,4.506051202402506367e-02,0.000000000000000000e+00,0.000000000000000000e+00,4.255297116229274257e-18,1.058003090988992173e-01,-3.087120669022676983e-02,1.791311835954614286e-14,4.776460434936498078e-01,-1.424971374065073793e+00,7.056500821887734531e-01,7.085604874866131553e-01,-8.631762780592546516e-15,1.096696147960350348e-14,4.093357147467310497e+00,5.082263418473679216e-13,3.778376601492138059e-12
3.719999999999999973e-01,0.000000000000000000e+00,2.346914344708255634e-02,-1.027337539226448104e+00,0.000000000000000000e+00,-4.781893508212372960e-03,-5.384180590835556224e+00,9.998606472223158237e-01,1.669389517708979448e-02,0.000000000000000000e+00,0.000000000000000000e+00,4.470426462404659962e-02,0.000000000000000000e+00,0.000000000000000000e+00,3.954330822371113864e-18,1.086678509642425156e-01,-2.988444408856164372e-02,2.462007103516215582e-14,4.855793239999298683e-01,-1.450594188941896956e+00,7.027693312092528899e-01,7.114177886683605845e-01,-1.129324271077864040e-14,1.457867528765567867e-14,4.021646368341989408e+00,7.447663860582527689e-13,5.104023264640914032e-12
3.739999999999999991e-01,0.000000000000000000e+00,2.382060649233692234e-02,-1.038126656489966271e+00,0.000000000000000000e+00,-4.606700100920151607e-03,-5.410649834605672837e+00,9.998599029024679563e-01,1.673841593100552916e-02,0.000000000000000000e+00,0.000000000000000000e+00,4.434969162276831273e-02,0.000000000000000000e+00,0.000000000000000000e+00,3.442443830432586166e-18,1.115785047055893736e-01,-2.885795317123611772e-02,3.402940704239069725e-14,4.935080665774492781e-01,-1.476376741791187053e+00,6.999274256026570828e-01,7.142139748093486729e-01,-1.487382769029020079e-14,1.950434987270017614e-14,3.952181105805782746e+00,1.089774337276719386e-12,6.933045047154727095e-12
3.760000000000000009e-01,0.000000000000000000e+00,2.417515307192269827e-02,-1.048968604630988954e+00,0.000000000000000000e+00,-4.428285885570514176e-03,-5.437084238966578553e+00,9.998591625369701585e-01,1.678258296212817302e-02,0.000000000000000000e+00,0.000000000000000000e+00,4.399678570139156641e-02,0.000000000000000000e+00,0.000000000000000000e+00,2.625479624662680055e-18,1.145322784736638039e-01,-2.779139117645870391e-02,4.729528896853269860e-14,5.014305154665799069e-01,-1.502316231241278999e+00,6.971234238080736834e-01,7.169511384350849559e-01,-1.971785780760008879e-14,2.625889898821677456e-14,3.884874986082605730e+00,1.593597871702248578e-12,9.469001340598590813e-12
3.780000000000000027e-01,0.000000000000000000e+00,2.453278897188366017e-02,-1.059863313457221956e+00,0.000000000000000000e+00,-4.246642350434023071e-03,-5.463483678035752966e+00,9.998584261447045485e-01,1.682639793438900702e-02,0.000000000000000000e+00,0.000000000000000000e+00,4.364553963539562209e-02,0.000000000000000000e+00,0.000000000000000000e+00,1.367862350916615951e-18,1.175291779230785427e-01,-2.668442109764877432e-02,6.608926062675588968e-14,5.093449791643773761e-01,-1.528409938519838418e+00,6.943564067896320635e-01,7.196312828642547066e-01,-2.630726669999319392e-14,3.557136556740983401e-14,3.819644477502292190e+00,2.330799878764790231e-12,1.300213472241926834e-11
3.800000000000000044e-01,0.000000000000000000e+00,2.489351989273461824e-02,-1.070810712528051045e+00,0.000000000000000000e+00,-4.061761166140643448e-03,-5.489848026766926736e+00,9.998576937440097900e-01,1.686986250453368155e-02,0.000000000000000000e+00,0.000000000000000000e+00,4.329594629010873053e-02,0.000000000000000000e+00,0.000000000000000000e+00,-5.260517767128440975e-19,1.205692063396742175e-01,-2.553671152183968271e-02,9.284198591975404667e-14,5.172498296860170708e-01,-1.554655223839484846e+00,6.916254785347226708e-01,7.222563259463896657e-01,-3.531952913295995995e-14,4.847846535962315552e-14,3.756408898848137223e+00,3.411539167430260340e-12,1.794795120605098770e-11
3.820000000000000062e-01,0.000000000000000000e+00,2.525735144990614092e-02,-1.081810731156232830e+00,0.000000000000000000e+00,-3.873634185132251041e-03,-5.516177160951470704e+00,9.998569653526870882e-01,1.691297832220993794e-02,0.000000000000000000e+00,0.000000000000000000e+00,4.294799861647426165e-02,0.000000000000000000e+00,0.000000000000000000e+00,-3.339270461584670415e-18,1.236523647604533815e-01,-2.434793647324280663e-02,1.311017939027108921e-13,5.251435017527427140e-01,-1.581049522934127483e+00,6.889297663839319963e-01,7.248281037041433006e-01,-4.771119559525392753e-14,6.646068733631663260e-14,3.695090409490886962e+00,4.999378531348519523e-12,2.490363470997126532e-11
3.840000000000000080e-01,0.000000000000000000e+00,2.562428917418876559e-02,-1.092863298409586292e+00,0.000000000000000000e+00,-3.682253441087158900e-03,-5.542470957219739702e+00,9.998562409880057400e-01,1.695574703005120129e-02,0.000000000000000000e+00,0.000000000000000000e+00,4.260168964700223465e-02,0.000000000000000000e+00,0.000000000000000000e+00,-7.482235764250575827e-18,1.267786520865737399e-01,-2.311777526190248941e-02,1.860693814545991714e-13,5.330244919163883432e-01,-1.607590343743838135e+00,6.862684212146843432e-01,7.273483738716820524e-01,-6.483845764522369620e-14,9.164125695089435115e-14,3.635613984347300764e+00,7.338017453236974236e-12,3.473070820835252178e-11
3.860000000000000098e-01,0.000000000000000000e+00,2.599433851217669914e-02,-1.103968343112687212e+00,0.000000000000000000e+00,-3.487611148317513489e-03,-5.568729293042378181e+00,9.998555206667093520e-01,1.699817026375622167e-02,0.000000000000000000e+00,0.000000000000000000e+00,4.225701249190080833e-02,0.000000000000000000e+00,0.000000000000000000e+00,-1.355183944296676842e-17,1.299480651898366479e-01,-2.184591233735732121e-02,2.653960496091131377e-13,5.408913576295792947e-01,-1.634275263245412502e+00,6.836406174982265771e-01,7.298188193229530052e-01,-8.863230168654565133e-14,1.270776693409372106e-13,3.577907376284027663e+00,1.079064606801266443e-11,4.867702705559513504e-11
3.880000000000000115e-01,0.000000000000000000e+00,2.636750482671102250e-02,-1.115125793848565250e+00,0.000000000000000000e+00,-3.289699701140384996e-03,-5.594952046731585860e+00,9.998548044050216133e-01,1.704024965216491272e-02,0.000000000000000000e+00,0.000000000000000000e+00,4.191396033537399951e-02,0.000000000000000000e+00,0.000000000000000000e+00,-2.241859515690041848e-17,1.331605990130797779e-01,-2.053203714721107964e-02,3.803805530607410891e-13,5.487427162698542693e-01,-1.661101924425232523e+00,6.810455532474606333e-01,7.322410513854852310e-01,-1.218535358085336894e-13,1.771906181415773615e-13,3.521901068253245892e+00,1.590105823996670943e-11,6.855655437282390675e-11
3.900000000000000133e-01,0.000000000000000000e+00,2.674379339732237473e-02,-1.126335578960402595e+00,0.000000000000000000e+00,-3.088511673223406657e-03,-5.621139097442339860e+00,9.998540922186519575e-01,1.708198681733060290e-02,0.000000000000000000e+00,0.000000000000000000e+00,4.157252643209550375e-02,0.000000000000000000e+00,0.000000000000000000e+00,-3.535578631273262625e-17,1.364162466648573269e-01,-1.917584400050713692e-02,5.477692552197052206e-13,5.565772441251433111e-01,-1.688068033390621947e+00,6.784824498711989893e-01,7.346166130369788938e-01,-1.684653150321404447e-13,2.483971530035567233e-13,3.467528217137693769e+00,2.348475578836630708e-11,9.701587008494909528e-11
3.920000000000000151e-01,0.000000000000000000e+00,2.712320942067312016e-02,-1.137597626553234598e+00,0.000000000000000000e+00,-2.884039816905773629e-03,-5.647290325173581316e+00,9.998533841228016694e-01,1.712338337458881032e-02,0.000000000000000000e+00,0.000000000000000000e+00,4.123270410383030049e-02,0.000000000000000000e+00,0.000000000000000000e+00,-5.423137915848473702e-17,1.397149995087667851e-01,-1.777703193579248733e-02,7.924718968180206039e-13,5.643936753473149937e-01,-1.715171356615559306e+00,6.759505519486744829e-01,7.369469819832709101e-01,-2.341793218983589465e-13,3.500484176353496927e-13,3.414724591003373444e+00,3.476876875763357325e-11,1.379301975664862281e-10
3.940000000000000169e-01,0.000000000000000000e+00,2.750575801099900200e-02,-1.148911864495652635e+00,0.000000000000000000e+00,-2.676277062495347782e-03,-5.673405610769354901e+00,9.998526801321694357e-01,1.716444093262272860e-02,0.000000000000000000e+00,0.000000000000000000e+00,4.089448673620896257e-02,0.000000000000000000e+00,0.000000000000000000e+00,-8.179405348369723901e-17,1.430568472477587449e-01,-1.633530459375172328e-02,1.151670989154748000e-12,5.721908008798415324e-01,-1.742409718316371814e+00,6.734491269365682209e-01,7.392335736173699656e-01,-3.272592785160911333e-13,4.958229874097187792e-13,3.363428501231516154e+00,5.160316198478743561e-11,1.969937697813677386e-10
3.960000000000000187e-01,0.000000000000000000e+00,2.789144420055027912e-02,-1.160278220421508744e+00,0.000000000000000000e+00,-2.465216517542698042e-03,-5.699484835919913728e+00,9.998519802609572293e-01,1.720516109352557624e-02,0.000000000000000000e+00,0.000000000000000000e+00,4.055786777565674461e-02,0.000000000000000000e+00,0.000000000000000000e+00,-1.221007553161798529e-16,1.464417780037443328e-01,-1.485037009428696875e-02,1.681058936006794703e-12,5.799674673650204726e-01,-1.769780997952866031e+00,6.709774648194063440e-01,7.414777438601692916e-01,-4.597067551338282224e-13,7.058038256845865377e-13,3.313580730786321649e+00,7.678572177008349401e-11,2.826022597752542241e-10
3.980000000000000204e-01,0.000000000000000000e+00,2.828027294003231801e-02,-1.171696621731622256e+00,0.000000000000000000e+00,-2.250851466092817013e-03,-5.725527883162783382e+00,9.998512845228759716e-01,1.724554545285991725e-02,0.000000000000000000e+00,0.000000000000000000e+00,4.022284072645000708e-02,0.000000000000000000e+00,0.000000000000000000e+00,-1.811576461570546323e-16,1.498697783927950000e-01,-1.332194091791683889e-02,2.464332756120874640e-12,5.877225760356452611e-01,-1.797283127850239248e+00,6.685348777129073161e-01,7.436807918841890075e-01,-6.490166453208314085e-13,1.009584060960579871e-12,3.265124459690636805e+00,1.145576018146695263e-10,4.071760100803653983e-10
4.000000000000000222e-01,0.000000000000000000e+00,2.867224909904566785e-02,-1.183166995595488213e+00,0.000000000000000000e+00,-2.033175367915232481e-03,-5.751534635883782443e+00,9.998505929311513052e-01,1.728559559971412640e-02,0.000000000000000000e+00,0.000000000000000000e+00,3.988939914791354846e-02,0.000000000000000000e+00,0.000000000000000000e+00,-2.678837169493178934e-16,1.533408335962098967e-01,-1.174973379136553912e-02,3.627687418055816326e-12,5.954550815955159671e-01,-1.824914090937061140e+00,6.661206994287285355e-01,7.458439627223006907e-01,-9.207844983271657608e-13,1.450925106209817885e-12,3.218005188627512947e+00,1.713643310656101980e-10,5.891496987231783631e-10
4.020000000000000240e-01,0.000000000000000000e+00,2.906737746652559434e-02,-1.194689268952986438e+00,0.000000000000000000e+00,-1.812181857713273184e-03,-5.777504978318006579e+00,9.998499054985293677e-01,1.732531311675611363e-02,0.000000000000000000e+00,0.000000000000000000e+00,3.955753665174602945e-02,0.000000000000000000e+00,0.000000000000000000e+00,-3.955635747887561739e-16,1.568549274277088734e-01,-1.013346957721239505e-02,5.362002136773388066e-12,6.031639910927278914e-01,-1.852671918594594125e+00,6.637342850080389933e-01,7.479684497638691143e-01,-1.312590557759830883e-12,2.094764071076081944e-12,3.172170661440034678e+00,2.570260847280830096e-10,8.559721719298780692e-10
4.040000000000000258e-01,0.000000000000000000e+00,2.946566275118105843e-02,-1.206263368516093948e+00,0.000000000000000000e+00,-1.587864744313203982e-03,-5.803438795550770024e+00,9.998492222372822313e-01,1.736469958028443242e-02,0.000000000000000000e+00,0.000000000000000000e+00,3.922724689946868043e-02,0.000000000000000000e+00,0.000000000000000000e+00,-5.840437949543979502e-16,1.604120423969916664e-01,-8.472873167471958733e-03,7.956895052533609104e-12,6.108483627892562495e-01,-1.880554688612749992e+00,6.613750102304388756e-01,7.500553971411192400e-01,-1.879802849529499180e-12,3.037785965592262265e-12,3.127570787188653334e+00,3.865413482552893596e-10,1.248641891901227369e-09
4.060000000000000275e-01,0.000000000000000000e+00,2.986710958193315377e-02,-1.217889220770597136e+00,0.000000000000000000e+00,-1.360218009833909138e-03,-5.829335973518510627e+00,9.998485431592138983e-01,1.740375656027690759e-02,0.000000000000000000e+00,0.000000000000000000e+00,3.889852359998934028e-02,0.000000000000000000e+00,0.000000000000000000e+00,-8.630624530935226930e-16,1.640121597698888378e-01,-6.767673380975485625e-03,1.185313142132053303e-11,6.185073050299872977e-01,-1.908560523248022278e+00,6.590422711039308767e-01,7.521059020088258773e-01,-2.704273106798880101e-12,4.424419105746997379e-12,3.084157562306599765e+00,5.828717755619668849e-10,1.828582159425901099e-09
4.080000000000000293e-01,0.000000000000000000e+00,3.027172250835297868e-02,-1.229566751977806405e+00,0.000000000000000000e+00,-1.129235808837802859e-03,-5.855196399009650499e+00,9.998478682756655189e-01,1.744248562043686571e-02,0.000000000000000000e+00,0.000000000000000000e+00,3.857136050728252052e-02,0.000000000000000000e+00,0.000000000000000000e+00,-1.277309946745057996e-15,1.676552596253148009e-01,-5.017602864425726658e-03,1.772348505496429376e-11,6.261399751140013237e-01,-1.936687587378814746e+00,6.567354833409273507e-01,7.541210167206349180e-01,-3.907404186603301163e-12,6.471102659212632466e-12,3.041884993319386332e+00,8.812539564786043403e-10,2.688089407625583457e-09
4.100000000000000311e-01,0.000000000000000000e+00,3.067950600109894607e-02,-1.241295888176272122e+00,0.000000000000000000e+00,-8.949124674636653107e-04,-5.881019959665421126e+00,9.998471975975213866e-01,1.748088831823711720e-02,0.000000000000000000e+00,0.000000000000000000e+00,3.824575141818016555e-02,0.000000000000000000e+00,0.000000000000000000e+00,-1.894141451090790893e-15,1.713413209092200240e-01,-3.222397996998668194e-03,2.659781212931036078e-11,6.337455781706063940e-01,-1.964934086753675757e+00,6.544540818246294966e-01,7.561017509054753782e-01,-5.669840670065600254e-12,9.503203236576062670e-12,3.000709020496721280e+00,1.335885541969784022e-09,3.966251801726103203e-09
4.120000000000000329e-01,0.000000000000000000e+00,3.109046445235351050e-02,-1.253076555183501473e+00,0.000000000000000000e+00,-6.572424825420401188e-04,-5.906806543980647639e+00,9.998465311352142670e-01,1.751896620496178406e-02,0.000000000000000000e+00,0.000000000000000000e+00,3.792169017026266603e-02,0.000000000000000000e+00,0.000000000000000000e+00,-2.815360425061917673e-15,1.750703214857262102e-01,-1.381798798367934750e-03,4.005697770796892748e-11,6.413233660423417470e-01,-1.993298266328059842e+00,6.521975200695424579e-01,7.580490734476192927e-01,-8.261219947890294209e-12,1.401131998268253415e-11,2.960587442754142540e+00,2.030316149069045121e-09,5.873261034057630973e-09
4.140000000000000346e-01,0.000000000000000000e+00,3.150460217625933312e-02,-1.264908678597676195e+00,0.000000000000000000e+00,-4.162205206938058037e-04,-5.932556041304493988e+00,9.998458688987310605e-01,1.755672082574605622e-02,0.000000000000000000e+00,0.000000000000000000e+00,3.759917063984895974e-02,0.000000000000000000e+00,0.000000000000000000e+00,-4.195267098229919744e-15,1.788422381856167864e-01,1.862580115877035796e-04,6.053424623488798246e-11,6.488726361769151518e-01,-2.017023925421354225e+00,6.499652696793795092e-01,7.599639143739997937e-01,-1.208524127320936464e-11,2.073737908099131210e-11,2.921479844046581675e+00,3.093627365581687825e-09,8.727629659326157700e-09
4.160000000000000364e-01,0.000000000000000000e+00,3.192192340935481876e-02,-1.276792183799372316e+00,0.000000000000000000e+00,-1.718414174125880520e-04,-5.958268341841167270e+00,9.998452108976180197e-01,1.759415371961399813e-02,0.000000000000000000e+00,0.000000000000000000e+00,3.727818674009097943e-02,0.000000000000000000e+00,0.000000000000000000e+00,5.187833461800658221e-14,1.792990552939960347e-01,1.862580115877035796e-04,7.805112452771348857e-11,6.662469817096928759e-01,0.000000000000000000e+00,6.478089609667813109e-01,7.618028308156193917e-01,-1.775256479467438582e-11,3.081828705037415206e-11,2.746593638737442777e+00,4.740684883026678714e-09,1.303400296771360585e-08
4.179999999999999827e-01,0.000000000000000000e+00,3.234243231100910471e-02,-1.288726995953280330e+00,0.000000000000000000e+00,7.589982371155489698e-05,-5.983943336650582978e+00,9.998445571409866339e-01,1.763126641951448526e-02,0.000000000000000000e+00,0.000000000000000000e+00,3.695873241915305363e-02,0.000000000000000000e+00,0.000000000000000000e+00,1.188907839334505798e-13,1.790793211785010330e-01,1.862580115877035796e-04,9.731071449615224663e-11,6.855687534024370589e-01,0.000000000000000000e+00,6.467082685629224059e-01,7.627374512442665067e-01,-2.455835630083351519e-11,4.291146973793888007e-11,1.426195133060623732e-01,4.772052657385811208e-09,1.303400296761901113e-08
4.199999999999999845e-01,0.000000000000000000e+00,3.276613296385134932e-02,-1.300713040009926935e+00,0.000000000000000000e+00,3.270080250936420051e-04,-6.009580917648995602e+00,9.998439076375189583e-01,1.766806045235583614e-02,0.000000000000000000e+00,0.000000000000000000e+00,3.664080165937727562e-02,0.000000000000000000e+00,0.000000000000000000e+00,1.862203181834815179e-13,1.788505372565758755e-01,1.862580115877035796e-04,1.176090644461348979e-10,7.048818825654540321e-01,0.000000000000000000e+00,6.456073151607104599e-01,7.636695615415879379e-01,-3.133950777391187253e-11,5.502720237107157163e-11,2.741189611665292070e+00,4.803389492221452573e-09,1.303400296752441641e-08
4.219999999999999862e-01,0.000000000000000000e+00,3.319302937418112942e-02,-1.312750240707397431e+00,0.000000000000000000e+00,5.814878302586030771e-04,-6.035180977609584829e+00,9.998432623954723875e-01,1.770453733905891572e-02,0.000000000000000000e+00,0.000000000000000000e+00,3.632438851511146649e-02,0.000000000000000000e+00,0.000000000000000000e+00,2.541971994070771657e-13,1.786076641821578714e-01,1.862580115877035796e-04,1.389464047504260720e-10,7.241747629601010816e-01,0.000000000000000000e+00,6.425206591394359013e-01,7.662683662569417242e-01,-3.793932137740496334e-11,6.726910208820917307e-11,5.325269928174027001e+00,4.891043238529389148e-09,1.303400296742982169e-08
4.239999999999999880e-01,0.000000000000000000e+00,3.362312547238772986e-02,-1.324838522573060118e+00,0.000000000000000000e+00,8.393437147961452238e-04,-6.060743410163006217e+00,9.998426214226844300e-01,1.774069859464845814e-02,0.000000000000000000e+00,0.000000000000000000e+00,3.600948715133360511e-02,0.000000000000000000e+00,0.000000000000000000e+00,3.233888397235547703e-13,1.783432280624140109e-01,1.862580115877035796e-04,1.611164165540848726e-10,7.434296409522384019e-01,0.000000000000000000e+00,6.377507072958160661e-01,7.702428470466549104e-01,-4.478819248091528391e-11,7.890312437361092307e-11,7.088583268441569274e+00,3.238527273832992440e-09,1.275847839448328380e-08
4.259999999999999898e-01,0.000000000000000000e+00,3.405642511338068806e-02,-1.336977809925288918e+00,0.000000000000000000e+00,1.100579987754893036e-03,-6.086268109797903669e+00,9.998419847265767046e-01,1.777654572833426219e-02,0.000000000000000000e+00,0.000000000000000000e+00,3.569609178471393890e-02,0.000000000000000000e+00,0.000000000000000000e+00,3.944093401012353407e-13,1.780511755147066999e-01,1.862580115877035796e-04,1.838341931999586964e-10,7.626308287102580019e-01,0.000000000000000000e+00,6.318259059565031199e-01,7.751103363330018592e-01,-5.245873236434693630e-11,8.898281722194617147e-11,8.244113260553515232e+00,1.204116732436971161e-09,1.241980112634658842e-08
4.279999999999999916e-01,0.000000000000000000e+00,3.449293207701997765e-02,-1.349168026875189330e+00,0.000000000000000000e+00,1.365200792486247205e-03,-6.111754971861383723e+00,9.998413523141603809e-01,1.781208024354925812e-02,0.000000000000000000e+00,0.000000000000000000e+00,3.538419665635489375e-02,0.000000000000000000e+00,0.000000000000000000e+00,4.677986518125043996e-13,1.777269433125779063e-01,1.862580115877035796e-04,2.069843064173306715e-10,7.817647827035975050e-01,0.000000000000000000e+00,6.251187495159228336e-01,7.805296652562442317e-01,-6.108803117172937717e-11,9.727188323497724692e-11,8.999601011300406128e+00,-9.292041503555335350e-10,1.206354025697298654e-08
4.299999999999999933e-01,0.000000000000000000e+00,3.493265006854547050e-02,-1.361409097328321938e+00,0.000000000000000000e+00,1.633210107702727119e-03,-6.137203892559446317e+00,9.998407241920413968e-01,1.784730363796951241e-02,0.000000000000000000e+00,0.000000000000000000e+00,3.507379602284883130e-02,0.000000000000000000e+00,0.000000000000000000e+00,5.439616612566437247e-13,1.773670283409684856e-01,1.862580115877035796e-04,2.304937141974395421e-10,8.008194141450294401e-01,0.000000000000000000e+00,6.178743969054470986e-01,7.862768209613969494e-01,-7.070116214365558857e-11,1.037128711111224542e-10,9.493282792611831056e+00,-3.040270924306172247e-09,1.170959006955296595e-08
4.319999999999999951e-01,0.000000000000000000e+00,3.537558271900578116e-02,-1.373700944986429473e+00,0.000000000000000000e+00,1.904611748604260026e-03,-6.162614768957383582e+00,9.998401003664258990e-01,1.788221740352843522e-02,0.000000000000000000e+00,0.000000000000000000e+00,3.476488415368092499e-02,0.000000000000000000e+00,0.000000000000000000e+00,6.231521892250055755e-13,1.769687010372839875e-01,1.862580115877035796e-04,2.536025608917546866e-10,8.197837919771832071e-01,0.000000000000000000e+00,6.102858586072937852e-01,7.921812799888409140e-01,-7.924697632413391236e-11,1.102167864069458498e-10,9.736030754394427333e+00,4.024447046858486718e-10,1.049472189877531745e-08
4.339999999999999969e-01,0.000000000000000000e+00,3.582173358568642441e-02,-1.386043493349161659e+00,0.000000000000000000e+00,2.179409368021700995e-03,-6.187987498980137779e+00,9.998394808431257941e-01,1.791682302642947158e-02,0.000000000000000000e+00,0.000000000000000000e+00,3.445745533076007699e-02,0.000000000000000000e+00,0.000000000000000000e+00,7.056503229136405829e-13,1.765299405048920967e-01,1.862580115877035796e-04,2.757224777917406866e-10,8.386484236499001099e-01,0.000000000000000000e+00,6.025132222265402460e-01,7.981089064958758472e-01,-8.550665351365672059e-11,1.178635946609118432e-10,9.813789087459783289e+00,1.528129391261877618e-09,9.526887106612111525e-09
4.359999999999999987e-01,0.000000000000000000e+00,3.627110615253725800e-02,-1.398436665715802496e+00,0.000000000000000000e+00,2.457606457560954603e-03,-6.213321981412619266e+00,9.998388656275639663e-01,1.795112198715862611e-02,0.000000000000000000e+00,0.000000000000000000e+00,3.415150384856934646e-02,0.000000000000000000e+00,0.000000000000000000e+00,7.919033792152516330e-13,1.760492417335814408e-01,1.862580115877035796e-04,2.971358994791594775e-10,8.574050678943559989e-01,0.000000000000000000e+00,5.946418139822747806e-01,8.039907478635740512e-01,-9.061344652643588477e-11,1.255811293905881129e-10,9.838700132203852533e+00,1.899807719109001633e-09,8.773223283296583323e-09
4.380000000000000004e-01,0.000000000000000000e+00,3.672370383059921778e-02,-1.410880385186996655e+00,0.000000000000000000e+00,2.739206348743164661e-03,-6.238618115899989824e+00,9.998382547247796071e-01,1.798511576049720978e-02,0.000000000000000000e+00,0.000000000000000000e+00,3.384702401442610947e-02,0.000000000000000000e+00,0.000000000000000000e+00,8.824556808569196623e-13,1.755253404536243067e-01,1.862580115877035796e-04,3.180259387107171046e-10,8.760460838576563658e-01,0.000000000000000000e+00,5.866996883977652066e-01,8.098045969370419872e-01,-9.500880777451211619e-11,1.330537920981324817e-10,9.846697239628458220e+00,1.985364271788999401e-09,8.122685215397849560e-09
4.400000000000000022e-01,0.000000000000000000e+00,3.717952995843037955e-02,-1.423374574666476100e+00,0.000000000000000000e+00,3.024212214140495781e-03,-6.263875802947906912e+00,9.998376481394335435e-01,1.801880581553479826e-02,0.000000000000000000e+00,0.000000000000000000e+00,3.354401014869452802e-02,0.000000000000000000e+00,0.000000000000000000e+00,9.779107891880850621e-13,1.749570803699473376e-01,1.862580115877035796e-04,3.384680828612869104e-10,8.945640705583978169e-01,0.000000000000000000e+00,5.786964166087964490e-01,8.155430503600228365e-01,-9.887838789216680832e-11,1.401770927879424237e-10,9.849282511304849663e+00,1.959799462536109566e-09,7.542661676064350876e-09
4.420000000000000040e-01,0.000000000000000000e+00,3.763858780253122316e-02,-1.435919156862787593e+00,0.000000000000000000e+00,3.312627068508287431e-03,-6.289094943922729719e+00,9.998370458758134571e-01,1.805219361568237424e-02,0.000000000000000000e+00,0.000000000000000000e+00,3.324245658490349725e-02,0.000000000000000000e+00,0.000000000000000000e+00,1.078915630092660135e-12,1.743433710403027581e-01,1.862580115877035796e-04,3.585006530672515788e-10,9.129517428888324071e-01,0.000000000000000000e+00,5.706356117959284768e-01,8.212033902369537675e-01,-1.023157883598704575e-10,1.469224036460543143e-10,9.850136464794466917e+00,1.879849563240554476e-09,7.012016935764989082e-09
4.440000000000000058e-01,0.000000000000000000e+00,3.810088055776920946e-02,-1.448514054291019981e+00,0.000000000000000000e+00,3.604453769914668562e-03,-6.314275441051687920e+00,9.998364479378389902e-01,1.808528061868553555e-02,0.000000000000000000e+00,0.000000000000000000e+00,3.294235766977342272e-02,0.000000000000000000e+00,0.000000000000000000e+00,1.186152606562476604e-12,1.736831753597130878e-01,1.862580115877035796e-04,3.781404175012325486e-10,9.312018904781667050e-01,0.000000000000000000e+00,5.625189699140952237e-01,8.267843842702599089e-01,-1.053784748542615495e-10,1.532818706475985317e-10,9.850436476431289279e+00,1.765853632904187183e-09,6.519615442422696856e-09
4.460000000000000075e-01,0.000000000000000000e+00,3.856641134780257330e-02,-1.461159189274530812e+00,0.000000000000000000e+00,3.899695020868691221e-03,-6.339417197423014017e+00,9.998358543290667422e-01,1.811806827663769298e-02,0.000000000000000000e+00,0.000000000000000000e+00,3.264370776315703160e-02,0.000000000000000000e+00,0.000000000000000000e+00,1.300334265536846813e-12,1.729755066663970497e-01,1.862580115877035796e-04,3.973929824904663395e-10,9.493073653760895070e-01,0.000000000000000000e+00,5.543475727223442506e-01,8.322852745322364409e-01,-1.081084031112833004e-10,1.592526393671676872e-10,9.850558968808931226e+00,1.624675247172293575e-09,6.058220151739769525e-09
4.480000000000000093e-01,0.000000000000000000e+00,3.903518322550336012e-02,-1.473854483946674288e+00,0.000000000000000000e+00,4.198353369447869153e-03,-6.364520116986038367e+00,9.998352650526953767e-01,1.815055803599317091e-02,0.000000000000000000e+00,0.000000000000000000e+00,3.234650123792048859e-02,0.000000000000000000e+00,0.000000000000000000e+00,1.422198651588778451e-12,1.722194289390918120e-01,1.862580115877035796e-04,4.162572133326614683e-10,9.672610796851598414e-01,0.000000000000000000e+00,5.461223078245655005e-01,8.377054580714589083e-01,-1.105398170888679598e-10,1.648315925635970829e-10,9.850624122998310028e+00,1.458821322617320455e-09,5.622987195984606579e-09
4.500000000000000111e-01,0.000000000000000000e+00,3.950719917337968540e-02,-1.486599860252527439e+00,0.000000000000000000e+00,4.500431210425874691e-03,-6.389584104551246035e+00,9.998346801115708393e-01,1.818275133758017262e-02,0.000000000000000000e+00,0.000000000000000000e+00,3.205073247976344269e-02,0.000000000000000000e+00,0.000000000000000000e+00,1.552504679687299893e-12,1.714140579538018516e-01,1.862580115877035796e-04,4.347278436316638955e-10,9.850560065967072232e-01,0.000000000000000000e+00,5.378440039867868894e-01,8.430443861160518138e-01,-1.127024556411485954e-10,1.700141651715839969e-10,9.850670180767584938e+00,1.269335557179445792e-09,5.210479112720929921e-09
4.520000000000000129e-01,0.000000000000000000e+00,3.998246210399718226e-02,-1.499395239950617409e+00,0.000000000000000000e+00,4.805930786401044902e-03,-6.414609065790298104e+00,9.998340995081911320e-01,1.821464961661352355e-02,0.000000000000000000e+00,0.000000000000000000e+00,3.175639588699785687e-02,0.000000000000000000e+00,0.000000000000000000e+00,1.692027310792509459e-12,1.705585627035625662e-01,1.862580115877035796e-04,4.527970310699144184e-10,1.002685182573480160e+00,0.000000000000000000e+00,5.295134746611249721e-01,8.483015323212724779e-01,-1.146230149451800553e-10,1.747943204636011912e-10,9.850709215527714946e+00,1.056863274900692850e-09,4.818199252596514501e-09
4.540000000000000147e-01,0.000000000000000000e+00,4.046097486039967883e-02,-1.512240544614648075e+00,0.000000000000000000e+00,5.114854188926133693e-03,-6.439594907236014798e+00,9.998335232447111975e-01,1.824625430270720994e-02,0.000000000000000000e+00,0.000000000000000000e+00,3.146348587030234345e-02,0.000000000000000000e+00,0.000000000000000000e+00,1.841552473047505372e-12,1.696521668528699900e-01,1.862580115877035796e-04,4.704553910330069154e-10,1.020141709904566651e+00,0.000000000000000000e+00,5.211315319223480680e-01,8.534763828147623466e-01,-1.163259075306498141e-10,1.791648637243940390e-10,9.850744973098366941e+00,8.219881594635883080e-10,4.444295597072553105e-09
4.560000000000000164e-01,0.000000000000000000e+00,4.094273345210180243e-02,-1.525135508742345047e+00,0.000000000000000000e+00,5.372203918717935803e-03,-6.464354616396520647e+00,9.998328733735231122e-01,1.828183036941775919e-02,0.000000000000000000e+00,0.000000000000000000e+00,3.970041808865937966e-02,0.000000000000000000e+00,0.000000000000000000e+00,2.001871685196181225e-12,1.686941501516223685e-01,1.862580115877035796e-04,4.876895765025769609e-10,1.037418759371013133e+00,0.000000000000000000e+00,5.126989913603278159e-01,8.585684328254760134e-01,-1.178347997502724673e-10,1.831131069390966998e-10,9.850777439323453066e+00,5.561908019196092680e-10,4.084386111010014863e-09
4.580000000000000182e-01,0.000000000000000000e+00,4.142772714081158908e-02,-1.538079663438383760e+00,0.000000000000000000e+00,5.505731523017371419e-03,-6.488871771517361609e+00,9.998320473604447312e-01,1.832694931060633789e-02,0.000000000000000000e+00,0.000000000000000000e+00,5.055241858997858162e-02,0.000000000000000000e+00,0.000000000000000000e+00,2.173775921772645105e-12,1.676838497840200670e-01,1.862580115877035796e-04,5.044810224503637394e-10,1.054509572940187434e+00,0.000000000000000000e+00,5.042166735720738924e-01,8.635771857096453674e-01,-1.191733389778998365e-10,1.866189572702831616e-10,9.850806591905296727e+00,2.558541302176809987e-10,3.736109713381032497e-09
4.600000000000000200e-01,0.000000000000000000e+00,4.191594616844372678e-02,-1.551072524286160492e+00,0.000000000000000000e+00,5.499480896014726991e-03,-6.513147404162814347e+00,9.998310220553066063e-01,1.838280000037114878e-02,0.000000000000000000e+00,0.000000000000000000e+00,6.116758011449455190e-02,0.000000000000000000e+00,0.000000000000000000e+00,2.358048487666888505e-12,1.666206616380831729e-01,1.862580115877035796e-04,5.208097089735773593e-10,1.071407466435940092e+00,0.000000000000000000e+00,4.956854035376584977e-01,8.685021533110752756e-01,-1.203636317720744548e-10,1.896613004507705708e-10,9.850833661865868507e+00,-7.519816016851600708e-11,3.399256127944557541e-09
4.620000000000000218e-01,0.000000000000000000e+00,4.240738261449846641e-02,-1.564113608825018042e+00,0.000000000000000000e+00,5.361486464795248673e-03,-6.537182519192836772e+00,9.998298078676404188e-01,1.844872080579822507e-02,0.000000000000000000e+00,0.000000000000000000e+00,7.069617907305553173e-02,0.000000000000000000e+00,0.000000000000000000e+00,2.555457503574183479e-12,1.655040414894292655e-01,1.862580115877035796e-04,5.366567578596085678e-10,1.088105832161384567e+00,0.000000000000000000e+00,4.871060101659146491e-01,8.733428561833531667e-01,-1.214254770184175196e-10,1.922219403660674536e-10,9.850859450405831552e+00,-4.330893793604314254e-10,3.074065728078185349e-09
4.640000000000000235e-01,0.000000000000000000e+00,4.290203027078857284e-02,-1.577202436557134657e+00,0.000000000000000000e+00,5.106448761648354172e-03,-6.560978110220455406e+00,9.998284243927173520e-01,1.852354653919450339e-02,0.000000000000000000e+00,0.000000000000000000e+00,7.898065407081539258e-02,0.000000000000000000e+00,0.000000000000000000e+00,2.766748477302693947e-12,1.643335061007639986e-01,1.862580115877035796e-04,5.520052242423952727e-10,1.104598141489630425e+00,0.000000000000000000e+00,4.784793265980739063e-01,8.780988233704075663e-01,-1.223769282095800430e-10,1.942855332557965395e-10,9.850884254382147986e+00,-8.146830277213729878e-10,2.761029303009195917e-09
4.660000000000000253e-01,0.000000000000000000e+00,4.339988441842455857e-02,-1.590338528957854214e+00,0.000000000000000000e+00,4.749781430346557663e-03,-6.584535167392684407e+00,9.998268921375689233e-01,1.860606778833082467e-02,0.000000000000000000e+00,0.000000000000000000e+00,8.609009305308613913e-02,0.000000000000000000e+00,0.000000000000000000e+00,2.992637023391227371e-12,1.631086342363881614e-01,1.862580115877035796e-04,5.668403930713526948e-10,1.120877947428285504e+00,0.000000000000000000e+00,4.698061904481474205e-01,8.827695922509036786e-01,-1.232348407361510659e-10,1.958390027127467129e-10,9.850908114575492647e+00,-1.217655024979605425e-09,2.460589337170372326e-09
4.680000000000000271e-01,0.000000000000000000e+00,4.390094159715703798e-02,-1.603521409486183602e+00,0.000000000000000000e+00,4.305707727486401612e-03,-6.607854681278158004e+00,9.998252299300013357e-01,1.869517572621415616e-02,0.000000000000000000e+00,0.000000000000000000e+00,9.215660269631133217e-02,0.000000000000000000e+00,0.000000000000000000e+00,3.233801701711050144e-12,1.618290675894127340e-01,1.862580115877035796e-04,5.811496252949662873e-10,1.136938887154469002e+00,0.000000000000000000e+00,4.610874438702152744e-01,8.873547084968029797e-01,-1.240151819782781848e-10,1.968709076771778203e-10,9.850930981919370666e+00,-1.640267743380707870e-09,2.173036073139024117e-09
4.700000000000000289e-01,0.000000000000000000e+00,4.440519939510739061e-02,-1.616750603594438784e+00,0.000000000000000000e+00,3.786779626818970960e-03,-6.630937644774127726e+00,9.998234542986352835e-01,1.878989713540219278e-02,0.000000000000000000e+00,0.000000000000000000e+00,9.731933207724620394e-02,0.000000000000000000e+00,0.000000000000000000e+00,3.490876939263606433e-12,1.604945116195367893e-01,1.862580115877035796e-04,5.949220092996207044e-10,1.152774684516591819e+00,0.000000000000000000e+00,4.523239335215122892e-01,8.918537260951646672e-01,-1.247331710852181309e-10,1.973709235546982543e-10,9.850952795175865973e+00,-2.081241944275128829e-09,1.898469309872002473e-09
4.720000000000000306e-01,0.000000000000000000e+00,4.491265626541672551e-02,-1.630025638736801064e+00,0.000000000000000000e+00,3.203879839219405529e-03,-6.653785053981136066e+00,9.998215795076770274e-01,1.888939254682801827e-02,0.000000000000000000e+00,0.000000000000000000e+00,1.017066658227896436e-01,0.000000000000000000e+00,0.000000000000000000e+00,3.764446009945910121e-12,1.591047362996662606e-01,1.862580115877035796e-04,6.081479346217651687e-10,1.168379152500313545e+00,0.000000000000000000e+00,4.435165104787436308e-01,8.962662073954078545e-01,-1.254033381683035206e-10,1.973294027789722769e-10,9.850973509801201899e+00,-2.539680717763986838e-09,1.636806345846796590e-09
4.740000000000000324e-01,0.000000000000000000e+00,4.542331136919915829e-02,-1.643346044376803095e+00,0.000000000000000000e+00,2.566372952958203158e-03,-6.676397908518115543e+00,9.998196177845675159e-01,1.899294324573732110e-02,0.000000000000000000e+00,0.000000000000000000e+00,1.054317614675519960e-01,0.000000000000000000e+00,0.000000000000000000e+00,4.055034052563301305e-12,1.576595767699773554e-01,1.862580115877035796e-04,6.208186623808726745e-10,1.183746195656943723e+00,0.000000000000000000e+00,4.346660301377260338e-01,9.005917231634357201e-01,-1.260395562215478296e-10,1.967369910788679090e-10,9.850993104928429389e+00,-3.015034074595771451e-09,1.387807897722688167e-09
4.760000000000000342e-01,0.000000000000000000e+00,4.593716444207800176e-02,-1.656711351993842118e+00,0.000000000000000000e+00,1.882289135867768739e-03,-6.698777211524092223e+00,9.998175795825309242e-01,1.909993606648851053e-02,0.000000000000000000e+00,0.000000000000000000e+00,1.085925890524552517e-01,0.000000000000000000e+00,0.000000000000000000e+00,4.363101108235418344e-12,1.561589338982606878e-01,1.862580115877035796e-04,6.329259273224288377e-10,1.198869812493027043e+00,0.000000000000000000e+00,4.257733521095562468e-01,9.048298526350443405e-01,-1.266550722404652595e-10,1.955842800425977856e-10,9.851011581862351818e+00,-3.507080171860573613e-09,1.151110922570534614e-09
4.780000000000000360e-01,0.000000000000000000e+00,4.645421568120489120e-02,-1.670121095088825669e+00,0.000000000000000000e+00,1.158501443884975583e-03,-6.720923969483205695e+00,9.998154738273842268e-01,1.920984891501364283e-02,0.000000000000000000e+00,0.000000000000000000e+00,1.112733470414472015e-01,0.000000000000000000e+00,0.000000000000000000e+00,4.689035156307904876e-12,1.546027747455646917e-01,1.862580115877035796e-04,6.444615878371761420e-10,1.213744097820076195e+00,0.000000000000000000e+00,4.168393401183243530e-01,9.089801835661057705e-01,-1.272625478579848302e-10,1.938614864239031368e-10,9.851028959925791639e+00,-4.015913914573057973e-09,9.262620355858092394e-10
4.799999999999999822e-01,0.000000000000000000e+00,4.697446564984366496e-02,-1.683574809189055443e+00,0.000000000000000000e+00,4.008852606906862905e-04,-6.742839191953697409e+00,9.998133081352660323e-01,1.932223785253929862e-02,0.000000000000000000e+00,0.000000000000000000e+00,1.135461693824253437e-01,0.000000000000000000e+00,0.000000000000000000e+00,5.032602430343467980e-12,1.529927714034952368e-01,1.862580115877035796e-04,6.556819810920537549e-10,1.228374898079163113e+00,0.000000000000000000e+00,4.090895975944691121e-01,9.124942281308147107e-01,-1.281199410308677737e-10,1.916782912245303252e-10,7.175235066330573730e+00,-4.002777578362710211e-09,9.262620355853315426e-10
4.819999999999999840e-01,0.000000000000000000e+00,4.749791519693535857e-02,-1.697072031852435714e+00,0.000000000000000000e+00,-3.855420792822217410e-04,-6.764523891250428633e+00,9.998110890004022755e-01,1.943672585196172531e-02,0.000000000000000000e+00,0.000000000000000000e+00,1.154727642402138543e-01,0.000000000000000000e+00,0.000000000000000000e+00,5.392073164101436482e-12,1.513347233544755088e-01,1.862580115877035796e-04,6.665994411943759517e-10,1.242798492523785159e+00,0.000000000000000000e+00,4.019571446963005612e-01,9.156584898676928264e-01,-1.292727699116084292e-10,1.887756876310010734e-10,8.427176548184929672e+00,-5.279419134929606441e-09,7.276506859960759175e-10
4.839999999999999858e-01,0.000000000000000000e+00,4.802456538949326226e-02,-1.710612302671082219e+00,0.000000000000000000e+00,-1.196500230089988159e-03,-6.785979082111833982e+00,9.998088219557711431e-01,1.955299310662672249e-02,0.000000000000000000e+00,0.000000000000000000e+00,1.171058805138394388e-01,0.000000000000000000e+00,0.000000000000000000e+00,5.768098477581785745e-12,1.496267236861989758e-01,1.862580115877035796e-04,6.769505013611713772e-10,1.256997094455557962e+00,0.000000000000000000e+00,3.938470473257531523e-01,9.191760005867654071e-01,-1.305352840631879269e-10,1.848079798709000638e-10,9.250513022638712002e+00,-6.427681448250064594e-09,5.490514092139405582e-10
4.859999999999999876e-01,0.000000000000000000e+00,4.855441745599960862e-02,-1.724195163274395037e+00,0.000000000000000000e+00,-2.028341473425115862e-03,-6.807205781370361919e+00,9.998065117103055455e-01,1.967076871109134720e-02,0.000000000000000000e+00,0.000000000000000000e+00,1.184905856634699273e-01,0.000000000000000000e+00,0.000000000000000000e+00,6.161564650204660669e-12,1.478658880110984286e-01,1.862580115877035796e-04,6.865090245563034623e-10,1.270944201400949991e+00,0.000000000000000000e+00,3.851385147099767314e-01,9.228587873357503302e-01,-1.317556767603992238e-10,1.800572097159927598e-10,9.658712823189157248e+00,-6.904125432947767230e-09,2.102576989560035582e-10
4.879999999999999893e-01,0.000000000000000000e+00,4.908747273886360923e-02,-1.737820157331663395e+00,0.000000000000000000e+00,-2.877960971245208978e-03,-6.828205007637671464e+00,9.998041622660862604e-01,1.978982353190715873e-02,0.000000000000000000e+00,0.000000000000000000e+00,1.196653682496185839e-01,0.000000000000000000e+00,0.000000000000000000e+00,6.572776238792555372e-12,1.460508876093913888e-01,1.862580115877035796e-04,6.950729494943057889e-10,1.284623106750329535e+00,0.000000000000000000e+00,3.761462619044517730e-01,9.265603091787161238e-01,-1.328166333289335160e-10,1.747276847320962605e-10,9.789516819822720706e+00,-7.454463215276851843e-09,-9.292263037070725378e-11
4.899999999999999911e-01,0.000000000000000000e+00,4.962373265459363997e-02,-1.751486830554249696e+00,0.000000000000000000e+00,-3.742719493817523585e-03,-6.848977781010747279e+00,9.998017770185327890e-01,1.990996410339628681e-02,0.000000000000000000e+00,0.000000000000000000e+00,1.206630856528964485e-01,0.000000000000000000e+00,0.000000000000000000e+00,7.001623822393220669e-12,1.441814637098274010e-01,1.862580115877035796e-04,7.027215823918770476e-10,1.298024141725149017e+00,0.000000000000000000e+00,3.670382596639940598e-01,9.302058550849578999e-01,-1.338073452924639616e-10,1.687716695296982397e-10,9.831401438141893934e+00,-8.023103135291905567e-09,-3.356276884419940003e-10
4.919999999999999929e-01,0.000000000000000000e+00,5.016319866058317756e-02,-1.765194730697391856e+00,0.000000000000000000e+00,-4.620376980765826883e-03,-6.869525122801738881e+00,9.997993588421542066e-01,2.003102740330065662e-02,0.000000000000000000e+00,0.000000000000000000e+00,1.215117763320106709e-01,0.000000000000000000e+00,0.000000000000000000e+00,7.447757040916521360e-12,1.422578320037920230e-01,1.862580115877035796e-04,7.095433645174266664e-10,1.311140665132854100e+00,0.000000000000000000e+00,3.578691582753557032e-01,9.337717507222723645e-01,-1.347940002530564852e-10,1.621605790376351834e-10,9.844814584727338058e+00,-8.659449722977313270e-09,-5.391157431311075843e-10
4.939999999999999947e-01,0.000000000000000000e+00,5.070587222750252976e-02,-1.778943407561659473e+00,0.000000000000000000e+00,-5.509035432666583784e-03,-6.889848055292149276e+00,9.997969101640258316e-01,2.015287638232443265e-02,0.000000000000000000e+00,0.000000000000000000e+00,1.222353555483992188e-01,0.000000000000000000e+00,0.000000000000000000e+00,7.910658750331892312e-12,1.402804046160689155e-01,1.862580115877035796e-04,7.155873286403328323e-10,1.323967102064650847e+00,0.000000000000000000e+00,3.486571331378319760e-01,9.372503509755328865e-01,-1.358253336100241419e-10,1.548506564319021247e-10,9.849114109103338066e+00,-9.343295929993676257e-09,-7.147388652365548007e-10
4.959999999999999964e-01,0.000000000000000000e+00,5.125175481643893388e-02,-1.792732412994096025e+00,0.000000000000000000e+00,-6.407089831560884748e-03,-6.909947601510655346e+00,9.997944330268133672e-01,2.027539613933976997e-02,0.000000000000000000e+00,0.000000000000000000e+00,1.228542111352128180e-01,0.000000000000000000e+00,0.000000000000000000e+00,8.389659093285028469e-12,1.382497012241472312e-01,1.862580115877035796e-04,7.208761374115877366e-10,1.336498303664064080e+00,0.000000000000000000e+00,3.394086338050313345e-01,9.406390360761360814e-01,-1.369331647210111828e-10,1.468057471358221410e-10,9.850496419370369239e+00,-1.007250220989700633e-08,-8.723631324101401857e-10
4.979999999999999982e-01,0.000000000000000000e+00,5.180084786005572511e-02,-1.806561300889071076e+00,0.000000000000000000e+00,-7.313185968630252221e-03,-6.929824785033047441e+00,9.997919291428782884e-01,2.039849064946280821e-02,0.000000000000000000e+00,0.000000000000000000e+00,1.233857136112931491e-01,0.000000000000000000e+00,0.000000000000000000e+00,8.883932325316878252e-12,1.361663204570578989e-01,1.862580115877035796e-04,7.254133371499036735e-10,1.348729339209281619e+00,0.000000000000000000e+00,3.301263432410444509e-01,9.439367639783524666e-01,-1.381399436411976597e-10,1.379898914187495367e-10,9.850944713595737312e+00,-1.084332217966948710e-08,-1.016955773300451417e-09
5.000000000000000000e-01,0.000000000000000000e+00,5.235315274715059142e-02,-1.820429627188869581e+00,0.000000000000000000e+00,-8.226184213115900895e-03,-6.949480629802383014e+00,9.997893999407595489e-01,2.052207996549692756e-02,0.000000000000000000e+00,0.000000000000000000e+00,1.238446529236929827e-01,0.000000000000000000e+00,0.000000000000000000e+00,9.392488336387803914e-12,1.340309304081008790e-01,1.862580115877035796e-04,7.291920220821579908e-10,1.360655429484307399e+00,0.000000000000000000e+00,3.208117361731483985e-01,9.471429917521352326e-01,-1.394629977767531432e-10,1.283670803373422057e-10,9.851093718159894763e+00,-1.165634314157679135e-08,-1.151311188981648802e-09
5.020000000000000018e-01,0.000000000000000000e+00,5.290867081008574641e-02,-1.834336949884034507e+00,0.000000000000000000e+00,-9.145128391063097467e-03,-6.968916159967269763e+00,9.997868466051298419e-01,2.064609782464669335e-02,0.000000000000000000e+00,0.000000000000000000e+00,1.242436123511694024e-01,0.000000000000000000e+00,0.000000000000000000e+00,9.914162582148809194e-12,1.318442651546228861e-01,1.862580115877035796e-04,7.321993117417871247e-10,1.372271926262165875e+00,0.000000000000000000e+00,3.114659011909740594e-01,9.502573384546403323e-01,-1.409173017532292206e-10,1.178992598463849999e-10,9.851146593928850947e+00,-1.251331906948571261e-08,-1.276723112251382876e-09
5.040000000000000036e-01,0.000000000000000000e+00,5.346740331464209378e-02,-1.848282829013482731e+00,0.000000000000000000e+00,-1.006921905838497645e-02,-6.988132399736199929e+00,9.997842701111574470e-01,2.077048960218296630e-02,0.000000000000000000e+00,0.000000000000000000e+00,1.245932885930303435e-01,0.000000000000000000e+00,0.000000000000000000e+00,1.044760529845354612e-11,1.296071231194594053e-01,1.862580115877035796e-04,7.344191227395916264e-10,1.383574306802581200e+00,0.000000000000000000e+00,3.020898048395590507e-01,9.532794798502624012e-01,-1.425169077212428878e-10,1.065455919486281400e-10,9.851168384361356445e+00,-1.341718695266748824e-08,-1.393712722169153209e-09
5.060000000000000053e-01,0.000000000000000000e+00,5.402935145191671562e-02,-1.862266826664408459e+00,0.000000000000000000e+00,-1.099779055256590830e-02,-7.007130373245949784e+00,9.997816712540689155e-01,2.089521056211579922e-02,0.000000000000000000e+00,0.000000000000000000e+00,1.249027657733754737e-01,0.000000000000000000e+00,0.000000000000000000e+00,1.099127019289592288e-11,1.273203659525223297e-01,1.862580115877035796e-04,7.358336460296759105e-10,1.394558173211670082e+00,0.000000000000000000e+00,2.926843764068660092e-01,9.562091155698637657e-01,-1.442757419602440220e-10,9.426180576425642208e-11,9.851179929026571358e+00,-1.437147497550228944e-08,-1.502323912916175912e-09
5.080000000000000071e-01,0.000000000000000000e+00,5.459451633194048470e-02,-1.876288506971987013e+00,0.000000000000000000e+00,-1.193029129326948594e-02,-7.025911104442207566e+00,9.997790506745882766e-01,2.102022436210610259e-02,0.000000000000000000e+00,0.000000000000000000e+00,1.251797499813107062e-01,0.000000000000000000e+00,0.000000000000000000e+00,1.154340259463856520e-11,1.249849175143575158e-01,1.862580115877035796e-04,7.364242218665598400e-10,1.405219253351467801e+00,0.000000000000000000e+00,2.832505351017797768e-01,9.590459588862880747e-01,-1.462080339350275939e-10,8.099979774701954482e-11,9.851187919069962717e+00,-1.538017772414027172e-08,-1.602302271839890514e-09
5.100000000000000089e-01,0.000000000000000000e+00,5.516289897874129128e-02,-1.890347436118891888e+00,0.000000000000000000e+00,-1.286626687609878847e-02,-7.044475616970770737e+00,9.997764088808336336e-01,2.114550177599167774e-02,0.000000000000000000e+00,0.000000000000000000e+00,1.254307700172239692e-01,0.000000000000000000e+00,0.000000000000000000e+00,1.210202701206063520e-11,1.226017628301662304e-01,1.862580115877035796e-04,7.361718818349012023e-10,1.415553402219243306e+00,0.000000000000000000e+00,2.737891987245757441e-01,9.617897335453869934e-01,-1.483285685188515664e-10,6.670729631411810038e-11,9.851194516034615489e+00,-1.644763734738596581e-08,-1.693174086961566960e-09
5.120000000000000107e-01,0.000000000000000000e+00,5.573450032661995956e-02,-1.904443182334633500e+00,0.000000000000000000e+00,-1.380534556743518229e-02,-7.062824934077829298e+00,9.997737462671649755e-01,2.127101960256553778e-02,0.000000000000000000e+00,0.000000000000000000e+00,1.256613492011215139e-01,0.000000000000000000e+00,0.000000000000000000e+00,1.266493404439992238e-11,1.201719469737174417e-01,1.862580115877035796e-04,7.350577376676818616e-10,1.425556603444415593e+00,0.000000000000000000e+00,2.643012863922001854e-01,9.644401727960979498e-01,-1.506528458200367695e-10,5.132757544267630430e-11,9.851200430301380706e+00,-1.757850422416831058e-08,-1.774285174503357652e-09
5.140000000000000124e-01,0.000000000000000000e+00,5.630932121744128271e-02,-1.918575315894730293e+00,0.000000000000000000e+00,-1.474722586308784000e-02,-7.080960078518044654e+00,9.997710631304100870e-01,2.139675973375136306e-02,0.000000000000000000e+00,0.000000000000000000e+00,1.258761524017911748e-01,0.000000000000000000e+00,0.000000000000000000e+00,1.322966659977603496e-11,1.176965738694522867e-01,1.862580115877035796e-04,7.330632992579074940e-10,1.435224970788064214e+00,0.000000000000000000e+00,2.547877193538319873e-01,9.669970191050225594e-01,-1.531971956935311680e-10,3.479918296118770224e-11,9.851205906394627121e+00,-1.877771443101891174e-08,-1.844815554018096696e-09
5.160000000000000142e-01,0.000000000000000000e+00,5.688736239877261597e-02,-1.932743409119719091e+00,0.000000000000000000e+00,-1.569166582065226884e-02,-7.098882072469300475e+00,9.997683596838319309e-01,2.152270835918057221e-02,0.000000000000000000e+00,0.000000000000000000e+00,1.260791118484181350e-01,0.000000000000000000e+00,0.000000000000000000e+00,1.379350537691907196e-11,1.151768050103014057e-01,1.862580115877035796e-04,7.301707675142125439e-10,1.444554749607269706e+00,0.000000000000000000e+00,2.452494211929200918e-01,9.694600240835365978e-01,-1.559788690605793997e-10,1.705567479972221727e-11,9.851211038414435350e+00,-2.005048153354906641e-08,-1.903782910266549184e-09
5.180000000000000160e-01,0.000000000000000000e+00,5.746862452272810673e-02,-1.946947036374011786e+00,0.000000000000000000e+00,-1.663847391606475962e-02,-7.116591937453148553e+00,9.997656360691519195e-01,2.164885528748110299e-02,0.000000000000000000e+00,0.000000000000000000e+00,1.262735347748531189e-01,0.000000000000000000e+00,0.000000000000000000e+00,1.435345357207349966e-11,1.126138580917366572e-01,1.862580115877035796e-04,7.263633242213737388e-10,1.453542318271668465e+00,0.000000000000000000e+00,2.356873178319944806e-01,9.718289484804727429e-01,-1.590161172763071837e-10,-1.974651040505060797e-12,9.851215871083944364e+00,-2.140229308452629405e-08,-1.950039888310405581e-09
5.200000000000000178e-01,0.000000000000000000e+00,5.805310814539835218e-02,-1.961185774064605036e+00,0.000000000000000000e+00,-1.758750120976593223e-02,-7.134090694260130761e+00,9.997628923668980816e-01,2.177519336741880196e-02,0.000000000000000000e+00,0.000000000000000000e+00,1.264621955087751326e-01,0.000000000000000000e+00,0.000000000000000000e+00,1.490622077599476901e-11,1.100090055636124137e-01,1.862580115877035796e-04,7.216254308040227918e-10,1.462184189527805156e+00,0.000000000000000000e+00,2.261023374739412617e-01,9.741035621946509959e-01,-1.623282652021102834e-10,-2.236902311128406603e-11,9.851220432182293152e+00,-2.283891019564758876e-08,-1.982268017564457563e-09
5.220000000000000195e-01,0.000000000000000000e+00,5.864081372676378107e-02,-1.975459200639648971e+00,0.000000000000000000e+00,-1.853863463793839136e-02,-7.151379362879267454e+00,9.997601286053098280e-01,2.190171799445673334e-02,0.000000000000000000e+00,0.000000000000000000e+00,1.266474142428242466e-01,0.000000000000000000e+00,0.000000000000000000e+00,1.544820602922981694e-11,1.073635731017623801e-01,1.862580115877035796e-04,7.159431421138803616e-10,1.470477011809542267e+00,0.000000000000000000e+00,2.164954105226759018e-01,9.762836442930372671e-01,-1.659357808366639196e-10,-4.421046852750814075e-11,9.851224743013906604e+00,-2.436636703144621973e-08,-1.998969788841375426e-09
5.240000000000000213e-01,0.000000000000000000e+00,5.923174163100578676e-02,-1.989766896586878886e+00,0.000000000000000000e+00,-1.949179127013931506e-02,-7.168458962431119907e+00,9.997573447679998226e-01,2.202842669037392148e-02,0.000000000000000000e+00,0.000000000000000000e+00,1.268311244035562335e-01,0.000000000000000000e+00,0.000000000000000000e+00,1.597548000730821271e-11,1.046789380015306220e-01,1.862580115877035796e-04,7.093044384356731969e-10,1.478417570493674615e+00,0.000000000000000000e+00,2.068674694970067396e-01,9.783689830301081081e-01,-1.698603428023581881e-10,-6.758808755647162729e-11,9.851228821843392325e+00,-2.599096927500571481e-08,-1.998459520244096527e-09
5.260000000000000231e-01,0.000000000000000000e+00,5.982589212714299609e-02,-2.004108444431915270e+00,0.000000000000000000e+00,-2.044691339689327578e-02,-7.185330511103924955e+00,9.997545408005436007e-01,2.215531874536305623e-02,0.000000000000000000e+00,0.000000000000000000e+00,1.270149302588775564e-01,0.000000000000000000e+00,0.000000000000000000e+00,1.648376631138644530e-11,1.019565274955624712e-01,1.862580115877035796e-04,7.016995777786819008e-10,1.486002789100200117e+00,0.000000000000000000e+00,1.972194489421240648e-01,9.803593758670415825e-01,-1.741249064879810276e-10,-9.259732952821573343e-11,9.851232685073741280e+00,-2.771929125118133894e-08,-1.978853213764555708e-09
5.280000000000000249e-01,0.000000000000000000e+00,6.042326538993143814e-02,-2.018483428736435936e+00,0.000000000000000000e+00,-2.140396432994663006e-02,-7.201995026092387953e+00,9.997517166161461466e-01,2.228239491354941024e-02,0.000000000000000000e+00,0.000000000000000000e+00,1.272001561690064009e-01,0.000000000000000000e+00,0.000000000000000000e+00,1.696842184441319545e-11,9.919781699830586275e-02,1.862580115877035796e-04,6.931214696058264293e-10,1.493229730436813618e+00,0.000000000000000000e+00,1.875522853401469514e-01,9.822546294902996245e-01,-1.787537693269327208e-10,-1.193402685254112420e-10,9.851236347696847417e+00,-2.955817121330302370e-08,-1.938057846677963625e-09
5.300000000000000266e-01,0.000000000000000000e+00,6.102386150097696693e-02,-2.032891436096225579e+00,0.000000000000000000e+00,-2.236292481434566659e-02,-7.218453523538777894e+00,9.997488721005123313e-01,2.240965715417710113e-02,0.000000000000000000e+00,0.000000000000000000e+00,1.273878886841226798e-01,0.000000000000000000e+00,0.000000000000000000e+00,1.742441625810128862e-11,9.640432827978792640e-02,1.862580115877035796e-04,6.835660702655883763e-10,1.500095597687247650e+00,0.000000000000000000e+00,1.778669170201964411e-01,9.840545598294616614e-01,-1.837726353951912034e-10,-1.479258768966398708e-10,9.851239823505625992e+00,-3.151470426721741421e-08,-1.873760249126687139e-09
5.320000000000000284e-01,0.000000000000000000e+00,6.162768045001656286e-02,-2.047332055139102547e+00,0.000000000000000000e+00,-2.332378996565932783e-02,-7.234707018476039586e+00,9.997460071160314543e-01,2.253710841182549052e-02,0.000000000000000000e+00,0.000000000000000000e+00,1.275790125190619240e-01,0.000000000000000000e+00,0.000000000000000000e+00,1.784631046200743089e-11,9.357762757134049925e-02,1.862580115877035796e-04,6.730328005283148438e-10,1.506597735443112152e+00,0.000000000000000000e+00,1.681642840681541462e-01,9.857589920742582112e-01,-1.892086795101247186e-10,-1.784702936842017584e-10,9.851243125224652175e+00,-3.359623151752063618e-08,-1.783415315570313679e-09
5.340000000000000302e-01,0.000000000000000000e+00,6.223472213633199357e-02,-2.061804876522730812e+00,0.000000000000000000e+00,-2.428656665784519053e-02,-7.250756524772678624e+00,9.997431215053707021e-01,2.266475242997472231e-02,0.000000000000000000e+00,0.000000000000000000e+00,1.277742412873578981e-01,0.000000000000000000e+00,0.000000000000000000e+00,1.822823419300053960e-11,9.071932360605228229e-02,1.862580115877035796e-04,6.615249851213843952e-10,1.512733630678919639e+00,0.000000000000000000e+00,1.584453282361660553e-01,9.873677606907839133e-01,-1.950906109954440886e-10,-2.110970849941215803e-10,9.851246264609677894e+00,-3.581032665117858028e-08,-1.664234145585157811e-09
5.360000000000000320e-01,0.000000000000000000e+00,6.284498637026535162e-02,-2.076309492932317813e+00,0.000000000000000000e+00,-2.525127129773042586e-02,-7.266603055079221996e+00,9.997402150945595700e-01,2.279259359305814761e-02,0.000000000000000000e+00,0.000000000000000000e+00,1.279741437501145107e-01,0.000000000000000000e+00,0.000000000000000000e+00,1.856386265138209313e-11,8.783106559682446468e-02,1.862580115877035796e-04,6.490503134456593912e-10,1.518500913670004504e+00,0.000000000000000000e+00,1.487109928519199376e-01,9.888807094368780026e-01,-2.014487371870597361e-10,-2.459374930618724374e-10,9.851249252532461753e+00,-3.816477810584307318e-08,-1.513171972712100178e-09
5.380000000000000338e-01,0.000000000000000000e+00,6.345847287481082288e-02,-2.090845499078198610e+00,0.000000000000000000e+00,-2.621792793108587011e-02,-7.282247620776089114e+00,9.997372876956351906e-01,2.292063679284057562e-02,0.000000000000000000e+00,0.000000000000000000e+00,1.281791662266674459e-01,0.000000000000000000e+00,0.000000000000000000e+00,1.884639221896362252e-11,8.491454115500199351e-02,1.862580115877035796e-04,6.356213206571409302e-10,1.523897358853070649e+00,0.000000000000000000e+00,1.389622227277141353e-01,9.902976913766624589e-01,-2.083150268703968661e-10,-2.831306702273646741e-10,9.851252099056431177e+00,-4.066756759761732121e-08,-1.326916012560931546e-09
5.400000000000000355e-01,0.000000000000000000e+00,6.407518128726137630e-02,-2.105412491693313903e+00,0.000000000000000000e+00,-2.718656663301611751e-02,-7.297691231922739163e+00,9.997343391089100750e-01,2.304888731556158435e-02,0.000000000000000000e+00,0.000000000000000000e+00,1.283896517209204835e-01,0.000000000000000000e+00,0.000000000000000000e+00,1.906851528460126482e-11,8.197147415264262327e-02,1.862580115877035796e-04,6.212558876598007636e-10,1.528920885629127646e+00,0.000000000000000000e+00,1.291999640693318741e-01,9.916185688942320553e-01,-2.157231737514632349e-10,-3.228238932316008729e-10,9.851254813505336827e+00,-4.332684256677425343e-08,-1.101873512773427782e-09
5.420000000000000373e-01,0.000000000000000000e+00,6.469511116089268765e-02,-2.120010069530581021e+00,0.000000000000000000e+00,-2.815722214204749788e-02,-7.312934897207984619e+00,9.997313691249137824e-01,2.317735074679718246e-02,0.000000000000000000e+00,0.000000000000000000e+00,1.286058562376737324e-01,0.000000000000000000e+00,0.000000000000000000e+00,1.922239421415194396e-11,7.900362253157154624e-02,1.862580115877035796e-04,6.059777581814943565e-10,1.533569559108600044e+00,0.000000000000000000e+00,1.194251643847346195e-01,9.928432137064884255e-01,-2.237086602783857717e-10,-3.651727538232315201e-10,9.851257404525782135e+00,-4.615088613421471723e-08,-8.341599745663448092e-10
5.440000000000000391e-01,0.000000000000000000e+00,6.531826196666958018e-02,-2.134637833360160997e+00,0.000000000000000000e+00,-2.912993270302140572e-02,-7.327979623901380357e+00,9.997283775260549232e-01,2.330603289143325096e-02,0.000000000000000000e+00,0.000000000000000000e+00,1.288279626950157575e-01,0.000000000000000000e+00,0.000000000000000000e+00,1.929963451446207000e-11,7.601277606245007701e-02,1.862580115877035796e-04,5.898170705015984076e-10,1.537841590798418645e+00,0.000000000000000000e+00,1.096387723925870417e-01,9.939715068751128202e-01,-2.323088220622045011e-10,-4.103413205222980086e-10,9.851259880144278114e+00,-4.914807865360746421e-08,-5.195879495717977857e-10
5.460000000000000409e-01,0.000000000000000000e+00,6.594463309496281789e-02,-2.149295385966624394e+00,0.000000000000000000e+00,-3.010473908882243393e-02,-7.342826417805613737e+00,9.997253640880411352e-01,2.343493970652096858e-02,0.000000000000000000e+00,0.000000000000000000e+00,1.290560927804404734e-01,0.000000000000000000e+00,0.000000000000000000e+00,1.929125725497699627e-11,7.300075405716245636e-02,1.862580115877035796e-04,5.728109007442695984e-10,1.541735339230927204e+00,0.000000000000000000e+00,9.984173793062585400e-02,9.950033388176722227e-01,-2.415629131539612263e-10,-4.585022659303776774e-10,9.851262247819327911e+00,-5.232685582814992868e-08,-1.536564725326423226e-10
5.480000000000000426e-01,0.000000000000000000e+00,6.657422385726635694e-02,-2.163982332146017651e+00,0.000000000000000000e+00,-3.108168377520216519e-02,-7.357476283209837931e+00,9.997223285810922233e-01,2.356407724510712828e-02,0.000000000000000000e+00,0.000000000000000000e+00,1.292903170483498121e-01,0.000000000000000000e+00,0.000000000000000000e+00,1.918767082590992699e-11,6.996940303789540849e-02,1.862580115877035796e-04,5.550038141961037799e-10,1.545249310534464682e+00,0.000000000000000000e+00,9.003501186388467026e-02,9.959386093178538291e-01,-2.515121726799965721e-10,-5.098369543640092102e-10,9.851264514488912383e+00,-5.569565922245552681e-08,2.684586380095846695e-10
5.500000000000000444e-01,0.000000000000000000e+00,6.720703348790686704e-02,-2.178698278702831725e+00,0.000000000000000000e+00,-3.206081024659650225e-02,-7.371930222843897873e+00,9.997192707709736670e-01,2.369345160940832667e-02,0.000000000000000000e+00,0.000000000000000000e+00,1.295306635137371820e-01,0.000000000000000000e+00,0.000000000000000000e+00,1.897864212852290974e-11,6.692059436635040826e-02,1.862580115877035796e-04,5.364484206824661257e-10,1.548382158945504017e+00,0.000000000000000000e+00,8.021954599278685594e-02,9.967772275348233402e-01,-2.621998934321688276e-10,-5.645354840302070853e-10,9.851266686613771029e+00,-5.926288221909122748e-08,7.519135302904551147e-10
5.520000000000000462e-01,0.000000000000000000e+00,6.784306114573904201e-02,-2.193442834446876155e+00,0.000000000000000000e+00,-3.304216241396068510e-02,-7.386189237833406196e+00,9.997161904198771376e-01,2.382306891193454457e-02,0.000000000000000000e+00,0.000000000000000000e+00,1.297771249602024946e-01,0.000000000000000000e+00,0.000000000000000000e+00,1.865326731096192733e-11,6.385622183658851148e-02,1.862580115877035796e-04,5.172059290911869810e-10,1.551132687262255949e+00,0.000000000000000000e+00,7.039629296111794832e-02,9.975191120117035126e-01,-2.736714930387031597e-10,-6.227966778387646810e-10,9.851268770216886850e+00,-6.303680810923067121e-08,1.302203566051089895e-09
5.540000000000000480e-01,0.000000000000000000e+00,6.848230591582134263e-02,-2.208215610190058520e+00,0.000000000000000000e+00,-3.402578412833285465e-02,-7.400254327655645170e+00,9.997130872871684559e-01,2.395293524336997507e-02,0.000000000000000000e+00,0.000000000000000000e+00,1.300296651489914745e-01,0.000000000000000000e+00,0.000000000000000000e+00,1.819996887367974038e-11,6.077820158553418062e-02,1.862580115877035796e-04,4.973422621417976647e-10,1.553499967331778642e+00,0.000000000000000000e+00,6.057542951121036578e-02,9.981636309899767356e-01,-2.859626641929742061e-10,-6.847666558834042781e-10,9.832851831898670625e+00,-6.689711217348598223e-08,1.921778957041736062e-09
5.560000000000000497e-01,0.000000000000000000e+00,6.912476681106803633e-02,-2.223016218743074646e+00,0.000000000000000000e+00,-3.501171877614583927e-02,-7.414126490096260902e+00,9.997099611300225286e-01,2.408305664619222672e-02,0.000000000000000000e+00,0.000000000000000000e+00,1.302882240888975918e-01,0.000000000000000000e+00,0.000000000000000000e+00,1.760663481020756104e-11,5.768847878947152424e-02,1.862580115877035796e-04,4.769216672825963354e-10,1.555483995385500195e+00,0.000000000000000000e+00,5.078974741472377930e-02,9.987093763715877426e-01,-2.990801558531538076e-10,-7.504326366291576678e-10,9.769215363220823178e+00,-7.063020718291328514e-08,2.609320738122713837e-09
5.580000000000000515e-01,0.000000000000000000e+00,6.977044277387421667e-02,-2.237844274912005549e+00,0.000000000000000000e+00,-3.600000894429100651e-02,-7.427806721206731133e+00,9.997068117039599189e-01,2.421343909315926829e-02,0.000000000000000000e+00,0.000000000000000000e+00,1.305527225037887984e-01,0.000000000000000000e+00,0.000000000000000000e+00,1.686086018464793115e-11,5.458902419403965228e-02,1.862580115877035796e-04,4.560199470455265678e-10,1.557086441123997966e+00,0.000000000000000000e+00,4.107976148931080651e-02,9.991558787791481322e-01,-3.130199728325511654e-10,-8.196993785984624979e-10,9.671676543095431455e+00,-7.427620246673647639e-08,3.372052514845415545e-09
5.600000000000000533e-01,0.000000000000000000e+00,7.041933267771137428e-02,-2.252699395494830448e+00,0.000000000000000000e+00,-3.699069614464269712e-02,-7.441296015262590657e+00,9.997036387633004839e-01,2.434408846992043227e-02,0.000000000000000000e+00,0.000000000000000000e+00,1.308230656148521021e-01,0.000000000000000000e+00,0.000000000000000000e+00,1.595004841112325538e-11,5.148180864125908446e-02,1.862580115877035796e-04,4.347320812557408390e-10,1.558310543075395627e+00,0.000000000000000000e+00,3.148109599268503894e-02,9.995043559248181220e-01,-3.277842128618201509e-10,-8.924696423903794715e-10,9.538809620731901973e+00,-7.778971912876016186e-08,4.213263555056926366e-09
5.620000000000000551e-01,0.000000000000000000e+00,7.107143532869163172e-02,-2.267581199277849624e+00,0.000000000000000000e+00,-3.798382058921628834e-02,-7.454595364722395701e+00,9.997004420615448472e-01,2.447501056111637749e-02,0.000000000000000000e+00,0.000000000000000000e+00,1.310991463376912358e-01,0.000000000000000000e+00,0.000000000000000000e+00,1.486153297253113213e-11,4.836878009914806487e-02,1.862580115877035796e-04,4.131608481084240653e-10,1.559161055006156316e+00,0.000000000000000000e+00,2.202867119112571562e-02,9.997573478527100876e-01,-3.433733765778573734e-10,-9.686188772793693464e-10,9.373412545517611605e+00,-8.115694066127584007e-08,5.132363472430440891e-09
5.640000000000000568e-01,0.000000000000000000e+00,7.172674946709933774e-02,-2.282489307032026016e+00,0.000000000000000000e+00,-3.897942100839116991e-02,-7.467705760187421049e+00,9.996972213516941430e-01,2.460621103942581267e-02,0.000000000000000000e+00,0.000000000000000000e+00,1.313808479800255558e-01,0.000000000000000000e+00,0.000000000000000000e+00,1.358270026071433115e-11,4.525184203658570020e-02,1.862580115877035796e-04,3.914082358278511889e-10,1.559644168764543926e+00,0.000000000000000000e+00,1.275529381916333874e-02,9.999186564168610625e-01,-3.597857834747726761e-10,-1.048007233581191659e-09,9.176834679019572505e+00,-8.435697242243991785e-08,6.126807211888840915e-09
5.660000000000000586e-01,0.000000000000000000e+00,7.238527376888906351e-02,-2.297423341509241990e+00,0.000000000000000000e+00,-3.997753450571059353e-02,-7.480628190362075713e+00,9.996939763865174688e-01,2.473769545709634393e-02,0.000000000000000000e+00,0.000000000000000000e+00,1.316680465133040212e-01,0.000000000000000000e+00,0.000000000000000000e+00,1.210111750615912162e-11,4.213283374818108801e-02,1.862580115877035796e-04,3.695706558135774916e-10,1.559767439795023636e+00,0.000000000000000000e+00,3.692131148010400349e-03,9.999931925660965337e-01,-3.770160722786810918e-10,-1.130479729563895539e-09,8.950862492506471924e+00,-8.737588351982106259e-08,7.192661394555431745e-09
5.680000000000000604e-01,0.000000000000000000e+00,7.304700684714963976e-02,-2.312382927438474844e+00,0.000000000000000000e+00,-4.097819644369869729e-02,-7.493363642015032688e+00,9.996907069187735972e-01,2.486946923956480371e-02,0.000000000000000000e+00,0.000000000000000000e+00,1.319606124809923342e-01,0.000000000000000000e+00,0.000000000000000000e+00,1.047829595105387574e-11,3.901375286351239924e-02,1.792966217350599328e-04,3.448456602788222723e-10,1.559252759705566538e+00,-4.871614887298569840e-02,-5.131430209695603956e-03,9.999868426555121870e-01,-3.950548294801142498e-10,-1.215871089188013203e-09,8.697083891646800069e+00,-9.020256697527155610e-08,8.325154160753359978e-09
5.700000000000000622e-01,0.000000000000000000e+00,7.371194725353388821e-02,-2.327367691521893267e+00,0.000000000000000000e+00,-4.198144035593199402e-02,-7.505913099941059485e+00,9.996874127013948286e-01,2.500153768083060793e-02,0.000000000000000000e+00,0.000000000000000000e+00,1.322584125971642544e-01,0.000000000000000000e+00,0.000000000000000000e+00,8.667687345575613136e-12,3.589611081095517298e-02,1.458703657240814557e-04,3.191976673339523272e-10,1.558287450435136501e+00,-4.823298146748011828e-02,-1.321528050445800948e-02,9.999126834367535466e-01,-4.135020426904958370e-10,-1.308206851157321012e-09,7.474703965397620387e+00,-1.008379255930253277e-07,9.984941407744138603e-09
5.720000000000000639e-01,0.000000000000000000e+00,7.438009347965418572e-02,-2.342377262430876073e+00,0.000000000000000000e+00,-4.298729788128715507e-02,-7.518277546923550325e+00,9.996840934876373153e-01,2.513390594029548189e-02,0.000000000000000000e+00,0.000000000000000000e+00,1.325613110813238793e-01,0.000000000000000000e+00,0.000000000000000000e+00,6.713564964156654913e-12,3.277987729831216557e-02,1.065353344373618871e-04,2.912973984066514262e-10,1.556839311221823507e+00,-6.218221321257581813e-02,-2.068816708502900850e-02,9.997859860385930331e-01,-4.326954522096697616e-10,-1.406135618015544075e-09,7.473255444727307406e+00,-1.010015860102420979e-07,1.154011095637436388e-08
5.740000000000000657e-01,0.000000000000000000e+00,7.505144395844397243e-02,-2.357411270801952785e+00,0.000000000000000000e+00,-4.399579871687465255e-02,-7.530457963697746671e+00,9.996807490312037414e-01,2.526657904082542025e-02,0.000000000000000000e+00,0.000000000000000000e+00,1.328691707686752432e-01,0.000000000000000000e+00,0.000000000000000000e+00,4.826871596683168640e-12,2.966285723190024634e-02,9.693023811495362599e-05,2.541852116650482863e-10,1.554377869597407980e+00,-1.084196496615267014e-01,-2.778778291359329869e-02,9.996138542460574206e-01,-4.532547159191453380e-10,-1.506081501406169298e-09,6.731970201314890545e+00,-1.046156207225122217e-07,1.392209667606317308e-08
5.760000000000000675e-01,0.000000000000000000e+00,7.572599706548580056e-02,-2.372469349232670499e+00,0.000000000000000000e+00,-4.500697058667214867e-02,-7.542455328914652313e+00,9.996773790863416886e-01,2.539956186782716188e-02,0.000000000000000000e+00,0.000000000000000000e+00,1.331818540293980557e-01,0.000000000000000000e+00,0.000000000000000000e+00,2.426425758802894209e-12,2.655618889193966589e-02,-6.084382558335966486e-06,2.287259409240187538e-10,1.552369976371404059e+00,-7.538523708747632557e-02,-3.391961657524385221e-02,9.994245738795071166e-01,-4.744802106219221584e-10,-1.616273641586444036e-09,5.540046134868002348e+00,-1.206237039267988505e-07,1.641565339058124335e-08
5.779999999999999583e-01,0.000000000000000000e+00,7.640375112030622917e-02,-2.387551132277386579e+00,0.000000000000000000e+00,-4.602083922330481303e-02,-7.554270619105621698e+00,9.996739834079221287e-01,2.553285916916257434e-02,0.000000000000000000e+00,0.000000000000000000e+00,1.334992235256323712e-01,0.000000000000000000e+00,0.000000000000000000e+00,2.464977178679640505e-13,2.344495631212095352e-02,-9.516430541585635820e-06,1.849152339122396474e-10,1.549333028692597702e+00,-1.486410806746808200e-01,-3.974117453031378311e-02,9.992100171974710454e-01,-4.963158337960975078e-10,-1.733828686115756045e-09,6.109861554456913701e+00,-1.190891195064357814e-07,1.656489092185344315e-08
5.799999999999999600e-01,0.000000000000000000e+00,7.708470438763839749e-02,-2.402656256442990301e+00,0.000000000000000000e+00,-4.703742836079120165e-02,-7.565904808647632152e+00,9.996705617515007081e-01,2.566647555575090472e-02,0.000000000000000000e+00,0.000000000000000000e+00,1.338211428306373685e-01,0.000000000000000000e+00,0.000000000000000000e+00,-1.726145422646601339e-12,2.032928213977435589e-02,1.027579225239066874e-05,1.214003512418532562e-10,1.545544866323750766e+00,-2.051374590745269899e-01,-4.498763104829139881e-02,9.989875544280566455e-01,-5.186684307753700150e-10,-1.863896782280129844e-09,4.395555955639440349e+00,-1.450306713864428948e-07,2.059203495404993294e-08
5.819999999999999618e-01,0.000000000000000000e+00,7.776885507865283209e-02,-2.417784360184550785e+00,0.000000000000000000e+00,-4.805675973639211146e-02,-7.577358869729229340e+00,9.996671138733640438e-01,2.580041550273160997e-02,0.000000000000000000e+00,0.000000000000000000e+00,1.341474769310915804e-01,0.000000000000000000e+00,0.000000000000000000e+00,-4.877048928775221912e-12,1.724302795711441655e-02,-1.772575816076046612e-04,9.480937431282088348e-11,1.543010702062111550e+00,-7.007319023421934578e-02,-4.878312067394212359e-02,9.988094054837253211e-01,-5.411157255575277677e-10,-2.020248210020561659e-09,3.205324057583121444e+00,-1.699274837657749478e-07,2.445496862367676409e-08
5.839999999999999636e-01,0.000000000000000000e+00,7.845620135215733426e-02,-2.432935083900900519e+00,0.000000000000000000e+00,-4.907885309997350731e-02,-7.588633772317137982e+00,9.996636395305643630e-01,2.593468335107984232e-02,0.000000000000000000e+00,0.000000000000000000e+00,1.344780926304117996e-01,0.000000000000000000e+00,0.000000000000000000e+00,-7.720366247643452914e-12,1.414962721765045811e-02,-2.331824514092238208e-04,3.669120512487026990e-11,1.539723688825723080e+00,-1.885029727383891740e-01,-5.292698508221193449e-02,9.985983961094078154e-01,-5.640826211261135197e-10,-2.196620760446560778e-09,5.090487124117649920e+00,-1.855036524238847737e-07,2.202721327308654336e-08
5.859999999999999654e-01,0.000000000000000000e+00,7.914674131576676652e-02,-2.448108069930145625e+00,0.000000000000000000e+00,-5.010372622952921629e-02,-7.599730484123539576e+00,9.996601384809437052e-01,2.606928330958328127e-02,0.000000000000000000e+00,0.000000000000000000e+00,1.348128588683603357e-01,0.000000000000000000e+00,0.000000000000000000e+00,-9.715851617599950327e-12,1.103594348140098796e-02,-5.597447518977346527e-05,-8.479616023696598481e-11,1.535418710359655492e+00,-3.287638617147835562e-01,-5.679958169727679362e-02,9.983856129907948684e-01,-5.867794611198404094e-10,-2.401749263014793658e-09,2.669589473122842005e+00,-2.270618938381306385e-07,2.846357162810902168e-08
5.879999999999999671e-01,0.000000000000000000e+00,7.984047302704354310e-02,-2.463302962545114827e+00,0.000000000000000000e+00,-5.113139495171024201e-02,-7.610649970574008272e+00,9.996566104831492439e-01,2.620421945710312006e-02,0.000000000000000000e+00,0.000000000000000000e+00,1.351516469699768075e-01,0.000000000000000000e+00,0.000000000000000000e+00,-1.094952539545434755e-11,7.904470267161005370e-03,9.493866782251043131e-05,-2.741469724212810841e-10,1.531777178850992183e+00,-3.869736333011567497e-01,-5.846098773060490195e-02,9.982897066320559620e-01,-6.092273101125212598e-10,-2.660450244725689957e-09,6.598929901950936205e-01,-2.893518922672269449e-07,3.808736272485662884e-08
5.899999999999999689e-01,0.000000000000000000e+00,8.053739449460972644e-02,-2.478519407948739595e+00,0.000000000000000000e+00,-5.216187316638004612e-02,-7.621393194776103996e+00,9.996530552966419458e-01,2.633949574505413740e-02,0.000000000000000000e+00,0.000000000000000000e+00,1.354943308349515207e-01,0.000000000000000000e+00,0.000000000000000000e+00,-1.541456234234647286e-11,4.843841380577957809e-03,-1.551421505748250555e-04,-3.075543254427864434e-10,1.529216475966056921e+00,-6.062325841801508020e-02,-5.853057580092031753e-02,9.982856290629485985e-01,-6.336202029269809669e-10,-2.984853787045683719e-09,-5.203579748736393285e-01,-3.555966791756435095e-07,4.830798139843959546e-08
5.919999999999999707e-01,0.000000000000000000e+00,8.123750367923149307e-02,-2.493757054269372997e+00,0.000000000000000000e+00,-5.319517287436296982e-02,-7.631961117488614832e+00,9.996494726816989029e-01,2.647511600004900933e-02,0.000000000000000000e+00,0.000000000000000000e+00,1.358407870769255676e-01,0.000000000000000000e+00,0.000000000000000000e+00,-1.953286401270541820e-11,1.778615666205559786e-03,-2.555832765084980465e-04,-3.776285265758386891e-10,1.526463316791176306e+00,-2.002085046914833522e-01,-5.930933601368288538e-02,9.982396647866655925e-01,-6.635163374332581784e-10,-3.342147281263752855e-09,2.079806619102778864e+00,-3.555338693711709099e-07,4.830798139714016751e-08
5.939999999999999725e-01,0.000000000000000000e+00,8.194079849487702349e-02,-2.509015551556044610e+00,0.000000000000000000e+00,-5.423130420767948573e-02,-7.642354697091445992e+00,9.996458623994114445e-01,2.661108392666087022e-02,0.000000000000000000e+00,0.000000000000000000e+00,1.361908951207920215e-01,0.000000000000000000e+00,0.000000000000000000e+00,-2.209813740073475358e-11,-1.314109272385852092e-03,-8.296624397625956956e-05,-5.622195553532394478e-10,1.523565864696160288e+00,-3.397732264205208796e-01,-6.008617826545499530e-02,9.981932065974804535e-01,-6.931013381015369369e-10,-3.699366060389617414e-09,-5.225638686073752481e-01,-3.554712113578358365e-07,4.830798139584073956e-08
5.959999999999999742e-01,0.000000000000000000e+00,8.264727680974852386e-02,-2.524294551773656359e+00,0.000000000000000000e+00,-5.527027546167071620e-02,-7.652574889556150950e+00,9.996422242116785872e-01,2.674740311026558084e-02,0.000000000000000000e+00,0.000000000000000000e+00,1.365445372649158884e-01,0.000000000000000000e+00,0.000000000000000000e+00,-2.341568228028072219e-11,-4.426960324981862351e-03,7.319710027982800427e-05,-8.532871010277853147e-10,1.522199967552984257e+00,-3.918029508323394028e-01,-5.859301586698423964e-02,9.982819668475131358e-01,-7.195554141367244218e-10,-4.114362376416981668e-09,-2.468042654141977987e+00,-4.671260655618067198e-07,6.551124598467200157e-08
5.979999999999999760e-01,0.000000000000000000e+00,8.335693644728929541e-02,-2.539593708798116634e+00,0.000000000000000000e+00,-5.631209312850737891e-02,-7.662622648417094950e+00,9.996385578811980421e-01,2.688407701993152793e-02,0.000000000000000000e+00,0.000000000000000000e+00,1.369015987140917434e-01,0.000000000000000000e+00,0.000000000000000000e+00,-2.977720656081378801e-11,-7.469435319441344000e-03,-1.756088376136971554e-04,-8.580278680129335046e-10,1.520220614029233364e+00,-4.917705978438519782e-02,-5.561965909279095732e-02,9.984520422159519626e-01,-7.611373294430019253e-10,-4.578833152125882886e-09,-3.487360418607032386e+00,-4.497210660167821400e-07,9.633465134442442804e-08
5.999999999999999778e-01,0.000000000000000000e+00,8.406977518716673980e-02,-2.554912678411417115e+00,0.000000000000000000e+00,-5.735676193165766684e-02,-7.672498924743256232e+00,9.996348631714545574e-01,2.702110901133024726e-02,0.000000000000000000e+00,0.000000000000000000e+00,1.372619675882575663e-01,0.000000000000000000e+00,0.000000000000000000e+00,-3.566960998753708207e-11,-1.051465688097340430e-02,-2.789008933135211400e-04,-8.577674106770934134e-10,1.518344205141054282e+00,-1.797654648545695677e-01,-5.343987159061489023e-02,9.985710835239761662e-01,-8.224978105124981201e-10,-5.035045385543817399e-09,-8.806486250458167575e-01,-4.500715691625239504e-07,9.633465133925695796e-08
6.019999999999999796e-01,0.000000000000000000e+00,8.478579076623204980e-02,-2.570251118296653647e+00,0.000000000000000000e+00,-5.840428486095679272e-02,-7.682204667110647200e+00,9.996311398467063736e-01,2.715850232964569372e-02,0.000000000000000000e+00,0.000000000000000000e+00,1.376255349111893955e-01,0.000000000000000000e+00,0.000000000000000000e+00,-3.921443133690161451e-11,-1.358463116449543789e-02,-1.088260307873394116e-04,-9.946331938785043608e-10,1.517223868927640051e+00,-3.103745297839315409e-01,-5.126332651496966208e-02,9.986851861119822038e-01,-8.834628532123494425e-10,-5.491573549579805675e-09,-3.476494871655468888e+00,-4.504215100781272527e-07,9.633465133408948788e-08
6.039999999999999813e-01,0.000000000000000000e+00,8.550498087945744563e-02,-2.585608688032988933e+00,0.000000000000000000e+00,-5.945466320797892362e-02,-7.691740821575363540e+00,9.996273876719702356e-01,2.729626011246400613e-02,0.000000000000000000e+00,0.000000000000000000e+00,1.379921945827894125e-01,0.000000000000000000e+00,0.000000000000000000e+00,-4.091714244297790472e-11,-1.667165760957130954e-02,4.902512491963833966e-05,-1.248223943737705173e-09,1.518106474042000054e+00,-3.548274539871950628e-01,-4.689739216673905614e-02,9.988997273418389611e-01,-9.378528834500067917e-10,-6.003157791721641674e-09,-5.263259443980079944e+00,-5.557905680551998913e-07,1.124727980459678949e-07
6.059999999999999831e-01,1.786632156063832577e-25,8.622734318085173433e-02,-2.600985049090563273e+00,-2.840435079787666359e-19,-6.050789660146201066e-02,-7.701108331647240846e+00,9.996236064130056276e-01,2.743438539262883433e-02,-1.835920457110850793e-20,-5.550525244921582194e-21,1.383618433380073287e-01,-3.700859684899259585e-17,-1.009293658750142337e-17,-4.914237041011021764e-11,-1.970943004042351870e-02,-1.369791624595809892e-04,-1.204951879144224126e-09,1.517010749994575303e+00,-4.290194552115064036e-02,-4.127033567061081515e-02,9.991480322368021527e-01,-1.001733377196155483e-09,-6.568321108554555751e-09,-6.000407107666267059e+00,-5.538444608277834028e-07,1.353927452401770937e-07
6.079999999999999849e-01,2.670455350687772130e-24,8.695287528435499680e-02,-2.616379864825349788e+00,-8.523642855129836705e-19,-6.156398304257820753e-02,-7.710308138264129418e+00,9.996197958362980085e-01,2.757288110105019993e-02,-5.521720298440338892e-20,-1.160788391401698221e-20,1.387343806949816183e-01,-3.700976162460219584e-17,0.000000000000000000e+00,-5.657101747665804311e-11,-2.274929741720625384e-02,-1.646981247142941364e-04,-1.179571880685274254e-09,1.516223826080677295e+00,-1.659676191240190835e-01,-3.658771425999532423e-02,9.993304624805299241e-01,-1.083583463332597573e-09,-7.132430002631962511e-09,-3.376134649995124803e+00,-5.549019180054968684e-07,1.353927452299699497e-07
6.099999999999999867e-01,1.153666909635415309e-23,8.768157476471309664e-02,-2.631792800473959026e+00,-1.420533670589509724e-18,-6.262291893987884106e-02,-7.719341179766769478e+00,9.996159557090426029e-01,2.771175006945718680e-02,-9.221450534661366280e-20,-1.262067635410972878e-20,1.391097088946003646e-01,-3.700976162460219584e-17,0.000000000000000000e+00,-6.068529754981520967e-11,-2.580588599110505629e-02,1.659396973773094759e-05,-1.314884923011164811e-09,1.516848926811592779e+00,-2.678232829351088196e-01,-3.194211971390674421e-02,9.994897384556947761e-01,-1.168307104588103034e-09,-7.724019666670075616e-09,-5.916504328661742917e+00,-6.089533844448433902e-07,1.435645358572411065e-07
6.119999999999999885e-01,3.096833310604565061e-23,8.841343915833274614e-02,-2.647223523148393820e+00,-1.987915505447322763e-18,-6.368469914377394847e-02,-7.728208391874268557e+00,9.996120857991271924e-01,2.785099503308683527e-02,-1.292118106780355486e-19,-1.363343379832566452e-20,1.394877328333315736e-01,-3.700976162460219584e-17,-1.823797295821246332e-37,-6.994049892419801214e-11,-2.884243976668046661e-02,-8.195983352819259974e-05,-1.260746885047704844e-09,1.516365546516700524e+00,-5.412279855489937619e-02,-2.532135512623189671e-02,9.996793817689657580e-01,-1.246126647150246451e-09,-8.387120310105898372e-09,-7.327300399539844022e+00,-6.932492859115864309e-07,1.563137794247641515e-07
6.139999999999999902e-01,6.510773485914292338e-23,8.914846596411786506e-02,-2.662671701830751303e+00,-2.554497572482618659e-18,-6.474931698043238926e-02,-7.736910707660170416e+00,9.996081858751155735e-01,2.799061863330325195e-02,-1.662091186666826834e-19,-1.464614194785427966e-20,1.398683599908638331e-01,-3.700976162460219584e-17,-5.471391887463739206e-37,-7.747462461264912228e-11,-3.188201343795111359e-02,-2.833887340513682106e-05,-1.287568515372126465e-09,1.516615717936290908e+00,-1.527128459287974416e-01,-1.931759429471232442e-02,9.998134185365442628e-01,-1.334733555904493066e-09,-9.092211595441418470e-09,-4.688624719538262653e+00,-6.948137950704467389e-07,1.563137794111588701e-07
6.159999999999999920e-01,1.180488303041667566e-22,8.988665264428785662e-02,-2.678137007367880518e+00,-3.120267723232811088e-18,-6.581676428501084808e-02,-7.745449057529113723e+00,9.996042557062313483e-01,2.813062342014243170e-02,-2.032064289966190310e-19,-1.565878632276372577e-20,1.402515003538757354e-01,-3.700976162460219584e-17,-1.094278377492747674e-36,-8.238548337481919680e-11,-3.492686797964105611e-02,7.155965595879271949e-05,-1.445450935481906466e-09,1.518007288854225978e+00,-2.059481179982638466e-01,-1.350295094878005073e-02,9.999088528087263228e-01,-1.428805739304396317e-09,-9.830485414442269317e-09,-6.937794192218733613e+00,-7.605896264772065337e-07,1.662199096561924037e-07
6.179999999999999938e-01,1.938376553459921562e-22,9.062799662517850852e-02,-2.693619112465988952e+00,-3.685213878179473266e-18,-6.688703143413921026e-02,-7.753824369194072474e+00,9.996002950623421590e-01,2.827101185477948198e-02,-2.402037413476056790e-19,-1.667135227162739300e-20,1.406370663370525020e-01,-3.700976162460219584e-17,-1.823797295821246124e-36,-9.282170620177022319e-11,-3.796506867848353783e-02,4.724001293923146155e-05,-1.402092047773959050e-09,1.518145162916924473e+00,-3.188384044352944591e-02,-6.197791649478397516e-03,9.999808154744593836e-01,-1.518382900591281499e-09,-1.061878137783109847e-08,-7.671441755178365796e+00,-7.912075066782874220e-07,1.777458419896735482e-07
6.199999999999999956e-01,2.964727357208233068e-22,9.137249529802608794e-02,-2.709117691685206442e+00,-4.249324026549614531e-18,-6.796010737760589671e-02,-7.762037567654176407e+00,9.995963037139445895e-01,2.841178631191591461e-02,-2.772010553947589252e-19,-1.768382498080460386e-20,1.410249727022396815e-01,-3.700976162460219584e-17,-2.370936484567619794e-36,-1.042532333988635968e-10,-4.100169088652085708e-02,4.245846264811475027e-05,-1.397359761363126014e-09,1.518160945455146793e+00,-3.572211898358176180e-02,2.655015643054621857e-04,9.999999884838183251e-01,-1.602825680602345192e-09,-1.154840161468927106e-08,-5.260527528265416919e+00,-1.046795057845927191e-06,1.385792213622444336e-07
6.219999999999999973e-01,4.299054952423491900e-22,9.212014601973528283e-02,-2.724632421434102891e+00,-4.812586226115328154e-18,-6.903597966920009543e-02,-7.770089575173095398e+00,9.995922814321498429e-01,2.855294908208558594e-02,-3.141983708082188259e-19,-1.869618948339064745e-20,1.414151364765189045e-01,-3.700976162460219584e-17,-2.735695943731869018e-36,-1.165696685206922110e-10,-4.403795137154611905e-02,4.245846264811475027e-05,-1.471892078233735851e-09,1.518156891609181658e+00,0.000000000000000000e+00,6.129982251464287726e-03,9.999812355582043955e-01,-1.670574517472874953e-09,-1.258490797217087676e-08,-6.466104726842172745e+00,-1.007867613457686903e-06,1.323694523096131846e-07
6.239999999999999991e-01,5.982102203444177970e-22,9.287094611363153063e-02,-2.740162979964160694e+00,-5.663880964694198533e-18,-7.011463449667958148e-02,-7.777981311257997632e+00,9.995882279886703081e-01,2.869450237387848046e-02,-3.699797000126188441e-19,-1.014880761727617226e-20,1.418074768698481813e-01,-7.401481255542151156e-17,2.018587317500284675e-17,-1.292083018835190121e-10,-4.707386273516538100e-02,4.245846264811475027e-05,-1.611720507426744399e-09,1.518331168345310900e+00,0.000000000000000000e+00,1.222424446958303781e-02,9.999253053573238237e-01,-1.723466727171094166e-09,-1.363169252172625993e-08,-5.724489678586108354e+00,-1.067305158085007808e-06,1.137820543369412791e-07
6.260000000000000009e-01,8.067649268434042447e-22,9.362489287019837292e-02,-2.755709047364207187e+00,-5.939290366795175142e-18,-7.119605671084243415e-02,-7.785713692639061101e+00,9.995841431558067924e-01,2.883644831608218537e-02,-3.890540904746028532e-19,9.553035532680577327e-21,1.422019151927680081e-01,3.701226738872196910e-17,2.018587317500284675e-17,-1.419287127562375199e-10,-5.010947223595689504e-02,4.245846264811475027e-05,-1.818735621770928548e-09,1.518739140280769950e+00,0.000000000000000000e+00,1.828223600475237243e-02,9.998328902961534093e-01,-1.768601000324442758e-09,-1.472322248644975289e-08,-6.391546171694572287e+00,-1.098348311135859372e-06,1.154528702697739849e-07
6.280000000000000027e-01,1.057193341720844260e-21,9.438198354780023835e-02,-2.771270305554804469e+00,-5.350250342495061999e-18,-7.228022985368923181e-02,-7.793287633249538437e+00,9.995800267064369748e-01,2.897878895974135074e-02,-3.524901826549903537e-19,2.580891024216002665e-20,1.425983747746391306e-01,3.701585992229198838e-17,1.009293658750142337e-17,-1.546727678529132403e-10,-5.314473171327864509e-02,4.245846264811475027e-05,-2.063792542827665750e-09,1.519394461220589188e+00,0.000000000000000000e+00,2.476359980636500674e-02,9.996933593928892803e-01,-1.809838289833419949e-09,-1.585408769833340052e-08,-6.573805237329925610e+00,-1.145715225129168033e-06,1.169725348584352829e-07
6.300000000000000044e-01,1.345908945879369404e-21,9.514221537339129231e-02,-2.786846438282598815e+00,-5.048959044033078512e-18,-7.336713618566888251e-02,-7.800704044206374199e+00,9.995758784140050812e-01,2.912152628013581906e-02,-3.341273001751445195e-19,3.143920166532058000e-20,1.429967808827413422e-01,9.626248798668286039e-21,0.000000000000000000e+00,-1.673861307420397701e-10,-5.617956586856873852e-02,4.245846264811475027e-05,-2.347993097860146653e-09,1.520308188350204093e+00,0.000000000000000000e+00,3.149933757809176421e-02,9.995037971330039683e-01,-1.849889313729861954e-09,-1.703332109248083477e-08,-6.902276071700023330e+00,-1.195665188107893125e-06,1.189826918612276096e-07
6.320000000000000062e-01,1.670690530915365639e-21,9.590558554321082507e-02,-2.802437131114630553e+00,-5.035667458623255380e-18,-7.445675671200732704e-02,-7.807963833791359498e+00,9.995716980525120032e-01,2.926466217867845429e-02,-3.341131725861985652e-19,3.148732767702173524e-20,1.433970606425199468e-01,9.626248798668286039e-21,1.335789035025326751e-40,-1.800037674826297555e-10,-5.921384568514950070e-02,4.245846264811475027e-05,-2.672731028964086533e-09,1.521491545907793341e+00,0.000000000000000000e+00,3.852935245429746358e-02,9.992574932378924801e-01,-1.888436907104616220e-09,-1.826612010769658454e-08,-7.165778486610822284e+00,-1.253545167475337092e-06,1.207836197045169266e-07
6.340000000000000080e-01,2.031161072835770686e-21,9.667209122346558103e-02,-2.818042071432605766e+00,-5.022376112030769119e-18,-7.554907120812265342e-02,-7.815067907432820427e+00,9.995674853965073048e-01,2.940819848473390577e-02,-3.340990254947996485e-19,3.153558708114149307e-20,1.437991429592165027e-01,9.626248798668286039e-21,2.226315058375544584e-40,-1.924549678672234402e-10,-6.224739808091771937e-02,4.245846264811475027e-05,-3.041232043779747878e-09,1.522954962419263536e+00,0.000000000000000000e+00,4.582318150911820348e-02,9.989495907570618005e-01,-1.925923248204113245e-09,-1.955972876133184815e-08,-7.434236845887508771e+00,-1.318366736431712772e-06,1.220318928982847891e-07
6.360000000000000098e-01,2.427111495444350133e-21,9.744172955099957012e-02,-2.833660948427132453e+00,-5.009085007238488471e-18,-7.664405824413446366e-02,-7.822017167687842942e+00,9.995632402210816725e-01,2.955213695735981611e-02,-3.340848587875481959e-19,3.158398045801077219e-20,1.442029584410583765e-01,9.626248798668286039e-21,4.007367105075980660e-40,-2.046612908762028534e-10,-6.528000144487067224e-02,4.245846264811475027e-05,-3.458026537778444951e-09,1.524708354726722614e+00,0.000000000000000000e+00,5.337322937479774265e-02,9.985746578315940480e-01,-1.962209832017767163e-09,-2.092155099254853153e-08,-7.683859995393914843e+00,-1.391353492149815131e-06,1.223880904664533473e-07
6.380000000000000115e-01,2.858333943360426905e-21,9.821449763395177779e-02,-2.849293453091917616e+00,-4.995794147211884098e-18,-7.774169520847841464e-02,-7.828812514225013786e+00,9.995589623018608094e-01,2.969647928697207589e-02,-3.340706723527144631e-19,3.163250836495178548e-20,1.446084393241560684e-01,9.626248798668286039e-21,4.007367105075980660e-40,-2.165369558033848908e-10,-6.831138730490637911e-02,4.245846264811475027e-05,-3.928895093466195093e-09,1.526760999449207734e+00,0.000000000000000000e+00,6.116375650481700732e-02,9.981277692787310363e-01,-1.997186718903823639e-09,-2.235987946747490363e-08,-7.922214421326652989e+00,-1.473086201209200357e-06,1.215667647436584359e-07
6.400000000000000133e-01,3.324621777978092159e-21,9.899039255240212054e-02,-2.864939278217931928e+00,-4.982503534899084819e-18,-7.884195833063950554e-02,-7.835454843807682757e+00,9.995546514150006612e-01,2.984122709693588782e-02,-3.340564660802023278e-19,3.168117133681270213e-20,1.450155193991906621e-01,9.626248798668286039e-21,4.007367105075980660e-40,-2.279882643596505682e-10,-7.134124012854178853e-02,4.245846264811475027e-05,-4.460828563977367267e-09,1.529121545729411169e+00,0.000000000000000000e+00,6.918130985367462737e-02,9.976041275558528154e-01,-2.030625459704341338e-09,-2.388376930010491122e-08,-8.146485591662811387e+00,-1.564489620631688002e-06,1.192778505158060365e-07
6.420000000000000151e-01,3.825769573403567787e-21,9.976941135900618818e-02,-2.880598118387539319e+00,-4.969213173230932303e-18,-7.994482270301959959e-02,-7.841945050277736584e+00,9.995503073371834191e-01,2.998638194508447888e-02,-3.340422398615151524e-19,3.172996988647804923e-20,1.454241339399843513e-01,9.626248798668286039e-21,5.343156140101307003e-40,-2.389132657869529289e-10,-7.436919831011812310e-02,4.245846264811475027e-05,-5.062095603443855604e-09,1.531797984771826826e+00,0.000000000000000000e+00,7.741133109827724734e-02,9.969992651945317474e-01,-2.062275726152791905e-09,-2.550322281787933194e-08,-8.357405314884426062e+00,-1.666519898337683684e-06,1.152191202875507113e-07
6.440000000000000169e-01,4.361573112371368640e-21,1.005515510796190365e-01,-2.896269669968593252e+00,-4.955923065121038852e-18,-8.105026230195669368e-02,-7.848284024539879056e+00,9.995459298456151886e-01,3.013194532516737245e-02,-3.340279935897235732e-19,3.177890450535548450e-20,1.458342196340111363e-01,9.626248798668286039e-21,6.233682163451524836e-40,-2.492012221206259108e-10,-7.739485514124025411e-02,4.245846264811475027e-05,-5.742358339558956870e-09,1.534797637901959444e+00,0.000000000000000000e+00,8.583937497426838426e-02,9.963090136664048968e-01,-2.091856186898676997e-09,-2.722929260754786010e-08,-8.554601670093761712e+00,-1.780293664221031572e-06,1.090563419423940474e-07
6.460000000000000187e-01,4.931829382139942693e-21,1.013368087139084189e-01,-2.911953631108502361e+00,-4.942633213465841325e-18,-8.215825000791453225e-02,-7.854472654546406751e+00,9.995415187180242134e-01,3.027791866823016653e-02,-3.340137271594352147e-19,3.182797566383960842e-20,1.462457145148551574e-01,9.626248798668286039e-21,7.569471198476851179e-40,-2.587320202665031153e-10,-8.041776017557968059e-02,4.245846264811475027e-05,-6.512844368173896070e-09,1.538127142740540521e+00,0.000000000000000000e+00,9.445078919013399910e-02,9.955295562940990051e-01,-2.119071304401388133e-09,-2.907423775301531321e-08,-8.738148395941301771e+00,-1.907069036227350459e-06,1.004115864894442307e-07
6.480000000000000204e-01,5.536336570367421842e-21,1.021251812359578737e-01,-2.927649701728262333e+00,-4.929343621144659684e-18,-8.326875762486218857e-02,-7.860511825282483045e+00,9.995370737326609856e-01,3.042430334392777491e-02,-3.339994404667661379e-19,3.187718381175348360e-20,1.466585578966622672e-01,9.626248798668286039e-21,7.569471198476851179e-40,-2.673754651995683066e-10,-8.343742079151812707e-02,4.245846264811475027e-05,-7.386566537417856823e-09,1.541792444423816688e+00,0.000000000000000000e+00,1.032309060331148415e-01,9.946574430903838415e-01,-2.143610861141775090e-09,-3.105169035867291803e-08,-8.908044817576564967e+00,-2.048280116612038286e-06,8.884988559484949187e-08
6.500000000000000222e-01,6.174894060968134092e-21,1.029166655948599296e-01,-2.943357583516460707e+00,-4.916054291019753236e-18,-8.438175589886409700e-02,-7.866402418751897052e+00,9.995325946682989127e-01,3.057110066177312971e-02,-3.339851334093141662e-19,3.192652937876848157e-20,1.470726903105530892e-01,9.626248798668286039e-21,7.569471198476851179e-40,-2.749904622167580463e-10,-8.645330398161756025e-02,4.245846264811475027e-05,-8.378594164238804783e-09,1.545798789646529503e+00,0.000000000000000000e+00,1.121650613294482152e-01,9.936896135570949529e-01,-2.165150080626664234e-09,-3.317685077987206061e-08,-9.064386088945505904e+00,-2.205557008677171935e-06,7.386638987426795767e-08
6.520000000000000240e-01,6.847302429950497421e-21,1.037112587152998339e-01,-2.959076979923251471e+00,-4.902765225936377635e-18,-8.549721453590150566e-02,-7.872145313963304858e+00,9.995280813042367596e-01,3.071831187232331936e-02,-3.339708058861338964e-19,3.197601277480322104e-20,1.474880534430346168e-01,9.626248798668286039e-21,8.905260233502178338e-40,-2.814240673665139045e-10,-8.946483831472029635e-02,4.245846264811475027e-05,-9.506379263424638596e-09,1.550150724306378347e+00,0.000000000000000000e+00,1.212386684243714347e-01,9.926234101455218006e-01,-2.183345383215266767e-09,-3.546670995790545634e-08,-9.207302693758967038e+00,-2.380755430246519659e-06,5.487207834427230127e-08
6.540000000000000258e-01,7.553363441236933278e-21,1.045089574981299813e-01,-2.974807596154300349e+00,-4.889476428722842664e-18,-8.661510221894648531e-02,-7.877741386916948585e+00,9.995235334203015354e-01,3.086593816830509804e-02,-3.339564577977134911e-19,3.202563439040213355e-20,1.479045900763119870e-01,9.626248798668286039e-21,1.024104926852750550e-39,-2.865103925507658497e-10,-9.247141604765193867e-02,4.245846264811475027e-05,-1.079014512093129017e-08,1.554852094480499991e+00,0.000000000000000000e+00,1.304372707230457840e-01,9.914565888176317676e-01,-2.197828327567530915e-09,-3.794030504926579421e-08,-9.336976670975666082e+00,-2.575988536164134137e-06,3.117780001595692821e-08
6.560000000000000275e-01,8.292880042466403834e-21,1.053097588209355312e-01,-2.990549139164704329e+00,-4.876187902190570012e-18,-8.773538662431006052e-02,-7.883191510591840867e+00,9.995189507968532672e-01,3.101398068568172323e-02,-3.339420890459530607e-19,3.207539459709439061e-20,1.483222440305778655e-01,9.626248798668286039e-21,1.157683830355283265e-39,-2.900693457992489880e-10,-9.547239535333398863e-02,4.245846264811475027e-05,-1.225334656405917303e-08,1.559906050764797047e+00,0.000000000000000000e+00,1.397465977940340887e-01,9.901873244591140599e-01,-2.208197167104018231e-09,-4.061901291409225963e-08,-9.453631986896130712e+00,-2.793664468377527559e-06,1.975863611422490911e-09
6.580000000000000293e-01,9.065656360780197399e-21,1.061136595385912818e-01,-3.006301317652884553e+00,-4.862899649134151049e-18,-8.885803443728594597e-02,-7.888496554933416505e+00,9.995143332147906623e-01,3.116244050466303664e-02,-3.339276995341447772e-19,3.212529374773382426e-20,1.487409601081441379e-01,9.626248798668286039e-21,1.202210131522794116e-39,-2.919051854747988113e-10,-9.846710263743942149e-02,4.245846264811475027e-05,-1.392321396650524220e-08,1.565315055859428206e+00,0.000000000000000000e+00,1.491526162492922969e-01,9.888142121699474707e-01,-2.214006255441998019e-09,-4.352688778339704637e-08,-9.557533341303550145e+00,-3.036529526856864268e-06,-3.368139643198922788e-08
6.600000000000000311e-01,9.871497698591551833e-21,1.069206564838102863e-01,-3.022063842054453442e+00,-4.849611672331404610e-18,-8.998301136711135684e-02,-7.893657386841643309e+00,9.995096804555576586e-01,3.131131865066062031e-02,-3.339132891669544344e-19,3.217533217682042505e-20,1.491606840394595068e-01,9.626248798668286039e-21,1.246736432690304967e-39,-2.918048632960292642e-10,-1.014548349158125862e-01,4.245846264811475027e-05,-1.583139572791084406e-08,1.571080895287306323e+00,0.000000000000000000e+00,1.586415779337159160e-01,9.873362643399918870e-01,-2.214753009665712736e-09,-4.669105020290218349e-08,-9.648982011127491987e+00,-3.307718283714798869e-06,-7.690679017939523304e-08
6.620000000000000329e-01,1.071021052933970876e-20,1.077307464676842824e-01,-3.037836424536058288e+00,-4.836323974543437077e-18,-9.111028216126625112e-02,-7.898674870159580585e+00,9.995049923011516402e-01,3.146061609518990138e-02,-3.338988578504044993e-19,3.222551020080408518e-20,1.495813624309187129e-01,9.626248798668286039e-21,1.513894239695370236e-39,-2.895361272378158313e-10,-1.044348622271463745e-01,4.245846264811475027e-05,-1.801471713473862144e-08,1.577204691088774480e+00,0.000000000000000000e+00,1.682000642407102675e-01,9.857529038885868289e-01,-2.209862128368589143e-09,-5.014213570031222943e-08,-9.728312583622763299e+00,-3.610811675908469001e-06,-1.290079496308256035e-07
6.640000000000000346e-01,1.158160249322898768e-20,1.085439262802163074e-01,-3.053618778989199978e+00,-4.823036558514698621e-18,-9.223981061913200108e-02,-7.903549865662389706e+00,9.995002685341324300e-01,3.161033375672098189e-02,-3.338844054918589932e-19,3.227582811837116491e-20,1.500029427144349836e-01,9.626248798668286039e-21,1.647473143197902789e-39,-2.848453506861085471e-10,-1.074064300571210551e-01,4.245846264811475027e-05,-2.051607716881221512e-08,1.583686918311493219e+00,0.000000000000000000e+00,1.778150266705718074e-01,9.840639539325229945e-01,-2.198666579315724230e-09,-5.391481305438155337e-08,-9.795889339784812577e+00,-3.949904465877875610e-06,-1.915224225479387396e-07
6.660000000000000364e-01,1.248548239295346972e-20,1.093601926908457089e-01,-3.069410621024029506e+00,-4.809749426973043289e-18,-9.337155960503035201e-02,-7.908283231046778106e+00,9.994955089376323931e-01,3.176047250147991802e-02,-3.338699320000093851e-19,3.232628621071445372e-20,1.504253730987459570e-01,9.626248798668286039e-21,1.781052046700435341e-39,-2.774572560241128415e-10,-1.103687688855541360e-01,4.245846264811475027e-05,-2.338473598743605212e-08,1.590527310461779864e+00,0.000000000000000000e+00,1.874646773027318913e-01,9.822713697874571048e-01,-2.180356906421329011e-09,-5.804416818314076624e-08,-9.833542596846335471e+00,-4.321231411185561982e-06,-2.658055489967983973e-07
6.680000000000000382e-01,1.342166018940784788e-20,1.101795424489657588e-01,-3.085211667963123183e+00,-4.796462582629788324e-18,-9.450549106066320759e-02,-7.912875820920886483e+00,9.994907132953680939e-01,3.191103314420215553e-02,-3.338554372848622166e-19,3.237688474178712829e-20,1.508486025223774174e-01,9.626248798668286039e-21,1.959157251370479071e-39,-2.670813900256999439e-10,-1.133211257177322573e-01,4.245846264811475027e-05,-2.667658576471464715e-08,1.597724458735222841e+00,0.000000000000000000e+00,1.971205932546771233e-01,9.803792739829708669e-01,-2.154020705091108681e-09,-6.256618139623836056e-08,-9.845595463814328596e+00,-4.729744611848637172e-06,-3.535100495848415344e-07
6.700000000000000400e-01,1.438994699738499729e-20,1.110019722844341056e-01,-3.101021638835236516e+00,-4.783176028179773482e-18,-9.564156601697332283e-02,-7.917328486794596998e+00,9.994858813916525087e-01,3.206201644883979046e-02,-3.338409212577279806e-19,3.242762395854123072e-20,1.512725806082462765e-01,9.626248798668286039e-21,2.048209853705500773e-39,-2.534100100086773829e-10,-1.162627668505010481e-01,4.245846264811475027e-05,-3.045622573313349933e-08,1.605275938814641590e+00,0.000000000000000000e+00,2.067651947179157124e-01,9.783906190237691147e-01,-2.118796201106671492e-09,-6.752618268092776507e-08,-9.849453409515838587e+00,-5.188565695142162132e-06,-4.570872447781659728e-07
6.720000000000000417e-01,1.539015508126085999e-20,1.118274789080762333e-01,-3.116840254369036778e+00,-4.769889766301418810e-18,-9.677974460544565283e-02,-7.921642077070271348e+00,9.994810130114086810e-01,3.221342312922421264e-02,-3.338263838312113465e-19,3.247850409115123295e-20,1.516972576198134248e-01,9.626248798668286039e-21,2.181788757208033326e-39,-2.361065010044246302e-10,-1.191929521983985524e-01,4.245846264811475027e-05,-3.479982606907990905e-08,1.613178811559385251e+00,0.000000000000000000e+00,2.163922273995820822e-01,9.763065364225965714e-01,-2.073794827706508927e-09,-7.298139028450940241e-08,-9.850688466195309800e+00,-5.707575855320621000e-06,-5.795982203354443472e-07
6.740000000000000435e-01,1.642209785066714212e-20,1.126560590121822580e-01,-3.132667236986818704e+00,-4.756603799656786278e-18,-9.791998606886866130e-02,-7.925817437033901847e+00,9.994761079401845993e-01,3.236525384968572810e-02,-3.338118249192026866e-19,3.252952535322318066e-20,1.521225844187906184e-01,9.626248798668286039e-21,2.270841359543055028e-39,-2.147958846511750860e-10,-1.221109199178171539e-01,4.245846264811475027e-05,-3.979781219841864882e-08,1.621429880631951592e+00,0.000000000000000000e+00,2.259990578812200446e-01,9.741275455386869675e-01,-2.017843379696869630e-09,-7.899925440927638047e-08,-9.851084051630127902e+00,-6.296295426576623076e-06,-7.247674334146038373e-07
6.760000000000000453e-01,1.748558986495112072e-20,1.134877092709970225e-01,-3.148502310798199311e+00,-4.741348260018002221e-18,-9.906224877157447650e-02,-7.929855408846675502e+00,9.994711659641688506e-01,3.251750922563163143e-02,-3.334709261879882938e-19,2.249302785644956974e-20,1.525485124243022572e-01,7.062532766862896179e-21,-2.018587317500284675e-17,-1.890573032119497468e-10,-1.250158806332830608e-01,4.245846264811475027e-05,-4.555770021453819270e-08,1.630025775241132679e+00,0.000000000000000000e+00,2.355842110507834486e-01,9.718539646695854017e-01,-1.949337954121080379e-09,-8.565787862660361359e-08,-9.851210953601446718e+00,-6.965155540747658945e-06,-8.969910065303681284e-07
6.780000000000000471e-01,1.858030210764271930e-20,1.143224263412039587e-01,-3.164345201593796286e+00,-4.431851342796375888e-18,-1.002064902091763798e-01,-7.933756831536945775e+00,9.994661868702074958e-01,3.267018982408417815e-02,-3.144766276622244623e-19,8.015357378850540058e-21,1.529749935734807942e-01,3.701064274778393838e-17,-1.009293658750142337e-17,-1.584164870978024771e-10,-1.279070149694171155e-01,4.245846264811475027e-05,-5.220726513660932219e-08,1.638962977314973646e+00,0.000000000000000000e+00,2.451465833095676228e-01,9.694860503545386088e-01,-1.866175923798555527e-09,-9.304737638135028684e-08,-9.851251852012135046e+00,-7.726072911881205765e-06,-1.101463636012233881e-06
6.800000000000000488e-01,1.970446474779844586e-20,1.151602068624026365e-01,-3.180195636838889506e+00,-4.125292302844286200e-18,-1.013526670178214462e-01,-7.937522540992604014e+00,9.994611704458221668e-01,3.282329616417988677e-02,-2.958145655724490546e-19,3.623399686109773119e-21,1.534019802834517554e-01,1.920757329980212374e-21,0.000000000000000000e+00,-1.223391701792149482e-10,-1.307834767722293456e-01,4.245846264811475027e-05,-5.989674366902642342e-08,1.648237782639260685e+00,0.000000000000000000e+00,2.546810963361678115e-01,9.670251228946703526e-01,-1.765593160329132803e-09,-1.012678980318259175e-07,-9.842824357522784950e+00,-8.585160049998417860e-06,-1.343403284239854082e-06
6.820000000000000506e-01,2.085632387132446179e-20,1.160010474575803169e-01,-3.196053345667065226e+00,-4.113655665527085180e-18,-1.025007349829760994e-01,-7.941153369953844354e+00,9.994561164792290509e-01,3.297682871763151641e-02,-2.958120857486705210e-19,3.668904454336785660e-21,1.538294254146344853e-01,1.920757329980212374e-21,-1.113157529187772420e-41,-8.022929417050588342e-11,-1.336444108369322648e-01,4.245846264811475027e-05,-6.880205938963076031e-08,1.657846121584185095e+00,0.000000000000000000e+00,2.641791771805187539e-01,9.644736447850039696e-01,-1.644146496835839020e-09,-1.104311173925896387e-07,-9.826937012129759452e+00,-9.556903517484284185e-06,-1.629448449347010031e-06
6.840000000000000524e-01,2.203557581540248163e-20,1.168449447335776215e-01,-3.211918058873846960e+00,-4.102019089726153492e-18,-1.036506490477613202e-01,-7.944650148006322965e+00,9.994510247593590968e-01,3.313078790915399002e-02,-2.958095973559104822e-19,3.714535640082338181e-21,1.542572822353413531e-01,1.920757329980212374e-21,-2.226315058375544839e-41,-3.142186239243609461e-11,-1.364889578077833066e-01,4.245846264811475027e-05,-7.913020793034520640e-08,1.667783548981095709e+00,0.000000000000000000e+00,2.736329632759625929e-01,9.618342115717755103e-01,-1.497776163598765503e-09,-1.206655073584552790e-07,-9.803875911845057800e+00,-1.065751781286051840e-05,-1.967390252383740022e-06
6.860000000000000542e-01,2.324206209445383863e-20,1.176918952815485253e-01,-3.227789508910309468e+00,-4.090382575953327819e-18,-1.048023633208544497e-01,-7.948013701574693890e+00,9.994458950758789983e-01,3.328517411685562311e-02,-2.958071003342787282e-19,3.760293355637666252e-21,1.546855043876320390e-01,1.920757329980212374e-21,-4.452630116751089679e-41,2.482660511093810143e-11,-1.393162557545241653e-01,4.245846264811475027e-05,-9.112505748084759295e-08,1.678045273387830161e+00,0.000000000000000000e+00,2.830350699889827570e-01,9.591095861777981790e-01,-1.321656880619534210e-09,-1.321188861655648220e-07,-9.774165203400530189e+00,-1.190594139133216367e-05,-2.366521325063238084e-06
6.880000000000000560e-01,2.447562520030173551e-20,1.185418956774146881e-01,-3.243667429876680330e+00,-4.078746124717264747e-18,-1.059558310839736062e-01,-7.951244853916531241e+00,9.994407272192138425e-01,3.343998767259580285e-02,-2.958045946238281856e-19,3.806177699608906979e-21,1.551140458543426581e-01,1.920757329980212374e-21,-4.452630116751089679e-41,8.934912983815568531e-11,-1.421254415395083459e-01,4.245846264811475027e-05,-1.050744192793804798e-07,1.688626187158692282e+00,0.000000000000000000e+00,2.923786637098633179e-01,9.563026540536855302e-01,-1.109999876191082649e-09,-1.449616342017267136e-07,-9.738243706423597601e+00,-1.332403443435664154e-05,-2.837874326212677065e-06
6.900000000000000577e-01,2.573610859836492674e-20,1.193949424823144562e-01,-3.259551557515928621e+00,-4.067109736523452324e-18,-1.071110047989602271e-01,-7.954344425116619099e+00,9.994355209805699802e-01,3.359522886231028349e-02,-2.958020801645638257e-19,3.852188757013445161e-21,1.555428609272792861e-01,1.920757329980212374e-21,-1.001841776268995165e-40,1.630810336769772948e-10,-1.449156521006231269e-01,4.245846264811475027e-05,-1.213184344473381776e-07,1.699520895885068938e+00,0.000000000000000000e+00,3.016574296595949667e-01,9.534164065483122785e-01,-8.558258385387771846e-10,-1.593903856886219243e-07,-9.696570384628666162e+00,-1.493716395629573394e-05,-3.394559863888221046e-06
6.920000000000000595e-01,2.702335672384408844e-20,1.202510322430464934e-01,-3.275441629207340721e+00,-4.055473411874223154e-18,-1.082678361144751855e-01,-7.957313232081611787e+00,9.994302761519596734e-01,3.375089792630531216e-02,-2.957995568964516193e-19,3.898326599367012711e-21,1.559719041765321446e-01,1.920757329980212374e-21,-1.447104787944104082e-40,2.470747028573685622e-10,-1.476860256061345578e-01,4.245846264811475027e-05,-1.402596092861753465e-07,1.710723747436139863e+00,0.000000000000000000e+00,3.108655715243410778e-01,9.504539155514076798e-01,-5.506957471800241015e-10,-1.756323955520675911e-07,-9.649586902328287863e+00,-1.677476395832229838e-05,-4.052157746350623113e-06
6.940000000000000613e-01,2.833721497790135105e-20,1.211101614925082781e-01,-3.291337383960083240e+00,-4.043837151268766722e-18,-1.094262758723233281e-01,-7.960152088535053849e+00,9.994249925262265188e-01,3.390699505952161213e-02,-2.957970247594277821e-19,3.944591284761876151e-21,1.564011304208735575e-01,1.920757329980212374e-21,-1.447104787944104082e-40,3.425166843514188384e-10,-1.504357024973906887e-01,4.245846264811475027e-05,-1.623748260614463117e-07,1.722228860303795184e+00,0.000000000000000000e+00,3.199977975952561504e-01,9.474183124061725803e-01,-1.843880159371076625e-10,-1.939506644626874456e-07,-9.597728136075019734e+00,-1.887104018375471314e-05,-4.829194005881760904e-06
6.960000000000000631e-01,2.967752972383339237e-20,1.219723267501295894e-01,-3.307238562406757509e+00,-4.032200955203140183e-18,-1.105862741134206600e-01,-7.962861805012760641e+00,9.994196698970715387e-01,3.406352041176931994e-02,-2.957944836934078737e-19,3.990982857936419859e-21,1.568304946991632698e-01,1.920757329980212374e-21,-1.447104787944104082e-40,4.507475117063331298e-10,-1.531638264157685059e-01,4.245846264811475027e-05,-1.882297467478739406e-07,1.734030151153196808e+00,0.000000000000000000e+00,3.290493088287463896e-01,9.443127667834949612e-01,2.554915478374613391e-10,-2.146499766791071554e-07,-9.541416917878610349e+00,-2.126578362089950330e-05,-5.747712272511292471e-06
6.980000000000000648e-01,3.104414828323847577e-20,1.228375245223009837e-01,-3.323144906796942522e+00,-4.020564824170282224e-18,-1.117477800834181939e-01,-7.965443188858548851e+00,9.994143080590809358e-01,3.422047408793485457e-02,-2.957919336382962836e-19,4.037501350336425245e-21,1.572599522427828023e-01,1.920757329980212374e-21,-1.447104787944104082e-40,5.732847242358796732e-10,-1.558695450180095643e-01,4.245846264811475027e-05,-2.184961050877922223e-07,1.746121361439873176e+00,0.000000000000000000e+00,3.380157840197066110e-01,9.411404671500888108e-01,7.839829692045761037e-10,-2.380840150374968295e-07,-9.481064275341090308e+00,-2.400533550077964891e-05,-6.833961618228527395e-06
7.000000000000000666e-01,3.243691893217790637e-20,1.237057513027975675e-01,-3.339056160990726774e+00,-4.008928758660023852e-18,-1.129107422379962006e-01,-7.967897044220311642e+00,9.994089068077545157e-01,3.437785614816074586e-02,-2.957893745339957641e-19,4.084146780168337761e-21,1.576894584490209084e-01,1.920757329980212374e-21,-1.892367799619213203e-40,7.118496287696489549e-10,-1.585520106822879971e-01,4.245846264811475027e-05,-2.539724900064104215e-07,1.758496082991969800e+00,0.000000000000000000e+00,3.468933640043045941e-01,9.379046023807741106e-01,1.419347746830055472e-09,-2.646637564297669498e-07,-9.417068060635191529e+00,-2.714372390512810319e-05,-8.119223501256117069e-06
7.020000000000000684e-01,3.385569089733223895e-20,1.245770035731980224e-01,-3.354972070452234334e+00,-3.997292759159101491e-18,-1.140751082478417278e-01,-7.970224172046439293e+00,9.994034659395352183e-01,3.453566660799934490e-02,-2.957868063204171085e-19,4.130919152444805368e-21,1.581189688553796269e-01,1.920757329980212374e-21,-2.114999305456767865e-40,8.683984523950225112e-10,-1.612103811087331473e-01,4.245846264811475027e-05,-2.956093504140524779e-07,1.771147782467786147e+00,0.000000000000000000e+00,3.556786345604215360e-01,9.346083447509609954e-01,2.183770275441711844e-09,-2.948673880752373778e-07,-9.349812330638537006e+00,-3.074400704665653466e-05,-9.640806957104838771e-06
7.039999999999999591e-01,3.530031435215270421e-20,1.254512778032990383e-01,-3.370892382243140695e+00,-3.985656826151168534e-18,-1.152408250033223197e-01,-7.972425370082571128e+00,9.993979852518395379e-01,3.469390543854131148e-02,-2.957842289374888766e-19,4.177818459022752509e-21,1.585484391147786720e-01,1.920757329980212374e-21,-2.114999305456767865e-40,1.045158653508314020e-09,-1.638438198182987360e-01,4.245846264811475027e-05,-3.445391082768083889e-07,1.784069824618084832e+00,0.000000000000000000e+00,3.643686084089363675e-01,9.312548342805830881e-01,3.104213574929191972e-09,-3.292520328300806675e-07,-9.279666677968570809e+00,-3.487986102255585504e-05,-1.144324684761680873e-05
7.059999999999999609e-01,3.677064041300814514e-20,1.263285704515252350e-01,-3.386816845016181521e+00,-3.974020960116807673e-18,-1.164078386188682479e-01,-7.974501432868683182e+00,9.993924645430892761e-01,3.485257256651979468e-02,-2.957816423251675541e-19,4.224844678634251418e-21,1.589778249716286840e-01,1.920757329980212374e-21,-2.226315058375544992e-40,1.244671299809351211e-09,-1.664514965543522074e-01,4.245846264811475027e-05,-4.021124577612022098e-07,1.797255494298394929e+00,0.000000000000000000e+00,3.729607064590171883e-01,9.278471644654567863e-01,4.213464270102927575e-09,-3.684676281292492752e-07,-9.206985767551534749e+00,-3.963745860666971629e-05,-1.357974769717645591e-05
7.079999999999999627e-01,3.826652113532793910e-20,1.272088779653347546e-01,-3.402745209008653404e+00,-3.962385161533544764e-18,-1.175760944370754790e-01,-7.976453151736497382e+00,9.993869036127438488e-01,3.501166787439111139e-02,-2.957790464234474715e-19,4.271997776910443521e-21,1.594070822387289588e-01,1.920757329980212374e-21,-2.226315058375544992e-40,1.469840590487329224e-09,-1.690325875916355580e-01,4.245846264811475027e-05,-4.699421617922505508e-07,1.810698017192194920e+00,0.000000000000000000e+00,3.814527385099747425e-01,9.243883693862823270e-01,5.551409710703554451e-09,-4.132733714167676791e-07,-9.132108980622993144e+00,-4.511769417580616760e-05,-1.611392472246968199e-05
7.099999999999999645e-01,3.978780950974124252e-20,1.280921967816205098e-01,-3.418677226035910621e+00,-3.950749430875858842e-18,-1.187455370325407877e-01,-7.978281314807214919e+00,9.993813022613340369e-01,3.517119120039278318e-02,-2.957764411723712519e-19,4.319277706398751682e-21,1.598361667749647053e-01,1.920757329980212374e-21,-2.226315058375544992e-40,1.723991801052559323e-09,-1.715862759575071117e-01,4.245846264811475027e-05,-5.499559427700881362e-07,1.824390579220117825e+00,0.000000000000000000e+00,3.898428835807559723e-01,9.208814121804163033e-01,7.166599947587495928e-09,-4.645572269499812999e-07,-9.055360185447712595e+00,-5.143882081246589275e-05,-1.912190484493114166e-05
7.119999999999999662e-01,4.133435945821291340e-20,1.289785233271071585e-01,-3.434612649484854341e+00,-3.939113768615195985e-18,-1.199161102154405051e-01,-7.979986706989563139e+00,9.993756602904962927e-01,3.533114233857967412e-02,-2.957738265120402108e-19,4.366684406573612751e-21,1.602650344637716051e-01,1.920757329980212374e-21,-2.226315058375544992e-40,2.010939169664133145e-09,-1.741117515705565277e-01,4.245846264811475027e-05,-6.444604133617476591e-07,1.838326344623497199e+00,0.000000000000000000e+00,3.981296700327362492e-01,9.173291748452594430e-01,9.118159426028785309e-09,-5.233590877826071641e-07,-8.977047614717669433e+00,-5.873957851250095983e-05,-2.269486407474060843e-05
7.139999999999999680e-01,4.290602583017650278e-20,1.298678540187440666e-01,-3.450551234307416948e+00,-3.927478175219980106e-18,-1.210877570348638382e-01,-7.981570109978154193e+00,9.993699775030087107e-01,3.549152103883902731e-02,-2.957712023826249495e-19,4.414217803840960617e-21,1.606936411923572672e-01,1.920757329980212374e-21,-2.448946564213099655e-40,2.335065531269107257e-09,-1.766082113018193900e-01,4.245846264811475027e-05,-7.562184206996611429e-07,1.852498472722475142e+00,0.000000000000000000e+00,4.063119556336017291e-01,9.137344493323305006e-01,1.147812826823415333e-08,-5.908983060225583137e-07,-8.897463842746857310e+00,-6.718290799627695681e-05,-2.694209428038855386e-05
7.159999999999999698e-01,4.450266439866467628e-20,1.307601852640941642e-01,-3.466492737014043701e+00,-3.915842651155626811e-18,-1.222604197819113364e-01,-7.983032302252149215e+00,9.993642537028271100e-01,3.565232700688508727e-02,-2.957685687243761396e-19,4.461877811536669661e-21,1.611219428316076341e-01,1.920757329980212374e-21,-2.448946564213099655e-40,2.701415849952056079e-09,-1.790748589638999078e-01,4.245846264811475027e-05,-8.885427008986644110e-07,1.866900133359552294e+00,0.000000000000000000e+00,4.143889076962809503e-01,9.100999298816567773e-01,1.433433157759620122e-08,-6.686064484689116515e-07,-8.816885851395179330e+00,-7.696036329759310798e-05,-3.199471267144460968e-05
7.179999999999999716e-01,4.612419646516710782e-20,1.316555134617188316e-01,-3.482436915667167288e+00,-4.051818818501604122e-18,-1.234340399925690501e-01,-7.984374059074223595e+00,9.993584886951230040e-01,3.581355990423404356e-02,-3.050118844258848840e-19,4.179317468684897342e-21,1.615498952167377933e-01,-1.850179631975595802e-17,-1.826357558138377968e-37,3.115807212123011151e-09,-1.815109052333490347e-01,4.245846264811475027e-05,-1.045409382634407902e-06,1.881524521048861809e+00,0.000000000000000000e+00,4.223599834119024510e-01,9.064282065389843712e-01,1.779389815675753639e-08,-7.581663087094246826e-07,-8.735575175388357039e+00,-8.829735877826368846e-05,-3.801015217137768197e-05
7.199999999999999734e-01,4.777125130988899657e-20,1.325538350015588174e-01,-3.498383529874682374e+00,-4.334963029198601727e-18,-1.246085584503682925e-01,-7.985596152489829791e+00,9.993526822863219028e-01,3.597521934815998967e-02,-3.235011315482245308e-19,3.566043390266568934e-21,1.619774541285490810e-01,-1.850179631975595802e-17,9.093383855934912172e-38,3.584958337494180870e-09,-1.839155675116433686e-01,4.245846264811475027e-05,-1.231595665880222704e-06,1.896364867859613224e+00,0.000000000000000000e+00,4.302249104816026071e-01,9.027217597926401327e-01,2.198757844831930486e-08,-8.615584171162197712e-07,-8.653778117578420748e+00,-1.014594132469211310e-04,-4.517760127183630711e-05
7.219999999999999751e-01,4.944515588513176350e-20,1.334551462653115195e-01,-3.514332340783415720e+00,-4.617426130011444144e-18,-1.257839151888406892e-01,-7.986699351326747909e+00,9.993468342841429486e-01,3.613730491163248681e-02,-3.419903686585706098e-19,2.952907461940694051e-21,1.624045752753605631e-01,-1.850179631975595802e-17,1.821237033504114488e-37,4.116642258091283735e-09,-1.862880697300730581e-01,4.245846264811475027e-05,-1.452846968459669536e-06,1.911414455069135654e+00,0.000000000000000000e+00,4.379836681382363595e-01,8.989829562627823512e-01,2.707504669943831714e-08,-9.811165447201735608e-07,-8.571726025275690830e+00,-1.167595864032248585e-04,-5.372459921479529158e-05
7.239999999999999769e-01,5.114728515733594373e-20,1.343594436268043257e-01,-3.530283111072593627e+00,-4.899203752554758585e-18,-1.269600494937781210e-01,-7.987684421194926720e+00,9.993409444976393274e-01,3.629981612323643358e-02,-3.604795954878146632e-19,2.339917443138620593e-21,1.628312142755661274e-01,-1.850179631975595802e-17,3.645034329325361029e-37,4.719866528259352471e-09,-1.886276421037779427e-01,4.245846264811475027e-05,-1.716080020471742842e-06,1.926666623626792418e+00,0.000000000000000000e+00,4.456364686359748362e-01,8.952140453730117464e-01,3.325141596248981895e-08,-1.119594005200378777e-06,-8.489635619211462370e+00,-1.345673420208885133e-04,-6.392503801297300006e-05
7.259999999999999787e-01,5.287899765544073979e-20,1.352667234523643180e-01,-3.546235604947310271e+00,-5.180291556835134435e-18,-1.281368999053068281e-01,-7.988552124486601791e+00,9.993350127372399028e-01,3.646275246707481044e-02,-3.789688117611281248e-19,1.727081060426095421e-21,1.632573266407721935e-01,-1.850179631975595802e-17,7.292628920967853276e-37,5.405086185536222995e-09,-1.909335208400754769e-01,4.245846264811475027e-05,-2.029629846374031188e-06,1.942114783474812034e+00,0.000000000000000000e+00,4.531837392734323622e-01,8.914171569327689060e-01,4.075524861994413172e-08,-1.280242932824118088e-06,-8.407709367218135554e+00,-1.553191195203915305e-04,-7.610887882841411837e-05
7.279999999999999805e-01,5.464163563515006533e-20,1.361769821011844517e-01,-3.562189588131992490e+00,-5.460685231132608456e-18,-1.293144042197843513e-01,-7.989303220376696935e+00,9.993290388147917369e-01,3.662611338265492344e-02,-3.974580171978720426e-19,1.114406004994992441e-21,1.636828677595127679e-01,-1.850179631975595802e-17,1.094022351261034552e-36,6.184455713435248494e-09,-1.932049478061031167e-01,4.245846264811475027e-05,-2.403550370287919540e-06,1.957752421775863727e+00,0.000000000000000000e+00,4.606261050044408445e-01,8.875942995584573669e-01,4.987841221850804781e-08,-1.466909167316857443e-06,-8.326135895251779218e+00,-1.795309525209191383e-04,-9.067395897508497384e-05
7.299999999999999822e-01,5.643652524223307795e-20,1.370902159256859876e-01,-3.578144827863865007e+00,-5.740380491882170793e-18,-1.304924994915282188e-01,-7.989938464823492126e+00,9.993230225436033898e-01,3.678989826475865393e-02,-4.159472115115081483e-19,5.018999301401431349e-22,1.641077928815362630e-01,-1.850179631975595802e-17,1.185212216052096942e-36,7.072127499079231851e-09,-1.954411701606584839e-01,4.245846264811475027e-05,-2.849980590825539410e-06,1.973573110100069083e+00,0.000000000000000000e+00,4.679643716799201103e-01,8.837473598616562009e-01,6.097821370242784999e-08,-1.684145926695890130e-06,-8.245090428937851712e+00,-2.078135416655812009e-04,-1.081003502446666145e-04
7.319999999999999840e-01,5.826497667485945402e-20,1.380064212718775662e-01,-3.594101092886415660e+00,-6.019373083555293319e-18,-1.316711220343845801e-01,-7.990458610569561415e+00,9.993169637384896609e-01,3.695410646329732457e-02,-4.344363944095107463e-19,-1.104295512799857126e-22,1.645320571026000767e-01,-1.850179631975595802e-17,1.458781810425283944e-36,8.084605775558905012e-09,-1.976414399549626388e-01,4.245846264811475027e-05,-3.383590995204692435e-06,1.989570510626172517e+00,0.000000000000000000e+00,4.751995099545008872e-01,8.798781023339959928e-01,7.449234863000555143e-08,-1.937350117304883654e-06,-8.164735259371049381e+00,-2.408902719123995849e-04,-1.289678330265670383e-04
7.339999999999999858e-01,6.012828434497005550e-20,1.389255944797108122e-01,-3.610058153442861961e+00,-6.297658778541492646e-18,-1.328502074231451835e-01,-7.990864407142974635e+00,9.993108622158166643e-01,3.711873728315166765e-02,-4.529255655932795655e-19,-7.225748693999641052e-22,1.649556153498309141e-01,-1.850179631975595802e-17,1.823541269589533169e-36,9.241166844682677134e-09,-1.998050137069010135e-01,4.245846264811475027e-05,-4.022128239845049668e-06,2.005738381412877747e+00,0.000000000000000000e+00,4.823326398826500716e-01,8.759881698601252875e-01,9.095733061818634130e-08,-2.232925942635003787e-06,-8.085220227461993758e+00,-2.796187645915740056e-04,-1.539771783158618251e-04
7.359999999999999876e-01,6.202772703868324748e-20,1.398477318834324135e-01,-3.626015781269617211e+00,-6.575233377029938593e-18,-1.340296904948206913e-01,-7.991156600858758452e+00,9.993047177935485692e-01,3.728378998399743682e-02,-4.714147247580539588e-19,-1.334528499922569264e-21,1.653784223675381360e-01,-1.850179631975595802e-17,2.279490593544844950e-36,1.055003521335359830e-08,-2.019341029276611743e-01,4.245846264811475027e-05,-4.726254420609793635e-06,2.022061723938271438e+00,0.000000000000000000e+00,4.882414494382856796e-01,8.727086230482601348e-01,1.063648073125341550e-07,-2.550660710758988934e-06,-5.436733582951304378e+00,-2.778844068335744764e-04,-1.539771651142765737e-04
7.379999999999999893e-01,6.396456807573784753e-20,1.407728298119330368e-01,-3.641973749589759723e+00,-6.852092706891120420e-18,-1.352095053497778532e-01,-7.991335934820607001e+00,9.992985302912947843e-01,3.744926378011714102e-02,-4.899038715928274404e-19,-1.946282966713559254e-21,1.658004327035454695e-01,-1.850179631975595802e-17,2.461870323126969730e-36,1.197877023136540716e-08,-2.040389248236652298e-01,4.245846264811475027e-05,-5.527141509686575791e-06,2.038503178988537723e+00,0.000000000000000000e+00,4.933308660674703416e-01,8.698417733073318114e-01,1.215158817337686341e-07,-2.905376294506395197e-06,-6.244312409893596261e+00,-3.420250038602531874e-04,-1.935319940733151874e-04
7.399999999999999911e-01,6.594005546797324247e-20,1.417008845890928292e-01,-3.657931833106503383e+00,-7.128232623558567778e-18,-1.363895853527482827e-01,-7.991403148922848310e+00,9.992922995303583633e-01,3.761515784019837244e-02,-5.083930057802638592e-19,-2.557830844417100145e-21,1.662216006959701953e-01,-1.850179631975595802e-17,3.009009511873343400e-36,1.355012390824910699e-08,-2.061183180963782891e-01,4.245846264811475027e-05,-6.502364969090448797e-06,2.055061019327384386e+00,0.000000000000000000e+00,4.986039906130903532e-01,8.668299225391923324e-01,1.422996928175949440e-07,-3.327993042734142627e-06,-5.901715458375026202e+00,-3.913361534559546442e-04,-2.298404499892386693e-04
7.419999999999999929e-01,6.795542207684764762e-20,1.426318925341236443e-01,-3.673889807996669532e+00,-7.403649009910654064e-18,-1.375698631337160804e-01,-7.991358979852651423e+00,9.992860253337855214e-01,3.778147128711920044e-02,-5.268821269966140063e-19,-3.169164761092855462e-21,1.666418804604801462e-01,-1.850179631975595802e-17,3.100199376664405622e-36,1.528419045271843155e-08,-2.081720294989997666e-01,4.245846264811475027e-05,-7.670872320802456221e-06,2.071731001636234915e+00,0.000000000000000000e+00,5.037300539337242755e-01,8.638611502006326992e-01,1.690698335303609921e-07,-3.822150254238802918e-06,-5.945598346139944645e+00,-4.597256428305682022e-04,-2.762050321001092079e-04
7.439999999999999947e-01,7.001188576999548341e-20,1.435658499619081874e-01,-3.689847451904165077e+00,-7.678337776152472216e-18,-1.387502705886914378e-01,-7.991204161092476888e+00,9.992797075264157058e-01,3.794820319772107542e-02,-5.453712349116333779e-19,-3.780277400875707756e-21,1.670612258779488324e-01,-1.850179631975595802e-17,3.282579106246530068e-36,1.720729897123997154e-08,-2.101994862100544370e-01,4.245846264811475027e-05,-9.075275590833415122e-06,2.088509823963662804e+00,0.000000000000000000e+00,5.088217865262741890e-01,8.608719089486429610e-01,2.024754588942393494e-07,-4.404365800052087606e-06,-5.863276286862252995e+00,-5.369077341168585447e-04,-3.303266591722401019e-04
7.459999999999999964e-01,7.211064957682489266e-20,1.445027531833358858e-01,-3.705804543933461037e+00,-7.952294859697806015e-18,-1.399307388803770758e-01,-7.990939422922759938e+00,9.992733459349329994e-01,3.811535260256967983e-02,-5.638603291885007083e-19,-4.391161506659033790e-21,1.674795905825842979e-01,-1.850179631975595802e-17,3.647338565410779627e-36,1.934962751362746634e-08,-2.122002109735212361e-01,4.245846264811475027e-05,-1.076156992966514881e-05,2.105393991976816981e+00,0.000000000000000000e+00,5.138444463218923008e-01,8.578834064364426748e-01,2.437484940976422377e-07,-5.089817647634765769e-06,-5.825827931407857818e+00,-6.293956006859189071e-04,-3.954390840539952971e-04
7.479999999999999982e-01,7.425290184315655399e-20,1.454425985056357062e-01,-3.721760864643076427e+00,-8.225516225051196921e-18,-1.411111984387345419e-01,-7.990565492424830829e+00,9.992669403879183010e-01,3.828291848570413575e-02,-5.823494094837376585e-19,-5.001809882802416473e-21,1.678969279504293755e-01,-1.850179631975595802e-17,3.920908159783966294e-36,2.174736623616913110e-08,-2.141736808704301498e-01,4.245846264811475027e-05,-1.278784501424552161e-05,2.122380186196912710e+00,0.000000000000000000e+00,5.188123230666333852e-01,8.548881958954438476e-01,2.943753762341179227e-07,-5.898179530276407803e-06,-5.776197133980331522e+00,-7.381785899981207046e-04,-4.732848285558788315e-04
7.500000000000000000e-01,7.643981638490507928e-20,1.463853822327058074e-01,-3.737716196039066574e+00,-8.497997863690117225e-18,-1.422915789614567217e-01,-7.990083093484060761e+00,9.992604907159026162e-01,3.845089978437497141e-02,-6.008384754471291793e-19,-5.612215397864643268e-21,1.683131910882782190e-01,-1.850179631975595802e-17,4.376857483739278076e-36,2.444336610242140760e-08,-2.161193744064500710e-01,4.245846264811475027e-05,-1.522395045739527091e-05,2.139465138818881229e+00,0.000000000000000000e+00,5.237233941766245016e-01,8.518884084362083886e-01,3.562927763610330047e-07,-6.852325777546002768e-06,-5.733436351085658522e+00,-8.669079828421143207e-04,-5.667231594578409082e-04
7.520000000000000018e-01,7.867255264080435552e-20,1.473311006654402788e-01,-3.753670321568515433e+00,-8.769735793947261827e-18,-1.434718094143530298e-01,-7.989492946793229855e+00,9.992539967514212362e-01,3.861929538877125617e-02,-6.193275267216448370e-19,-6.222370987362791170e-21,1.687283328229880197e-01,-1.850179631975595802e-17,4.650427078112464744e-36,2.748867473186954123e-08,-2.180367548922079179e-01,4.245846264811475027e-05,-1.815502192852748019e-05,2.156645670490006328e+00,0.000000000000000000e+00,5.285810457278569130e-01,8.488828730261894773e-01,4.319076599610305448e-07,-7.979767714491668544e-06,-5.691199771068858659e+00,-1.019067169866645509e-03,-6.789221336495224277e-04
7.540000000000000036e-01,8.095225582417823923e-20,1.482797501020527431e-01,-3.769623026113035458e+00,-9.040726060892958659e-18,-1.446518180316536950e-01,-7.988795769856117168e+00,9.992474583290689161e-01,3.878810414173727850e-02,-6.378165629433611980e-19,-6.832269656558179170e-21,1.691423056911360856e-01,-1.850179631975595802e-17,4.741616942903526967e-36,3.094409171636557664e-08,-2.199252753992214371e-01,4.245846264811475027e-05,-2.168439412751072259e-05,2.173918674723731570e+00,0.000000000000000000e+00,5.333868452073217137e-01,8.458714603043102631e-01,5.242088745320795205e-07,-9.313302882612588119e-06,-5.651609934354772768e+00,-1.199140441388262977e-03,-8.138124677949608830e-04
7.560000000000000053e-01,8.328005707375803600e-20,1.492313268383970992e-01,-3.785574095982269682e+00,-9.310964736217710072e-18,-1.458315323162388821e-01,-7.987992276991302987e+00,9.992408752855558296e-01,3.895732483847911404e-02,-6.563055837413846959e-19,-7.441904483269923191e-21,1.695550619290634442e-01,-1.850179631975595802e-17,4.832806807694589189e-36,3.488215931996729338e-08,-2.217843764421098818e-01,4.245846264811475027e-05,-2.593769688145090770e-05,2.191281119261283106e+00,0.000000000000000000e+00,5.381429395330479259e-01,8.428536234702607155e-01,6.368846139106111087e-07,-1.089218525296066321e-05,-5.613959036899004218e+00,-1.412374563073372311e-03,-9.761162391040975952e-04
7.580000000000000071e-01,8.565707360354858258e-20,1.501858271682852686e-01,-3.801523318907402693e+00,-9.580447918114875966e-18,-1.470108790397991472e-01,-7.987083179336185168e+00,9.992342474597649682e-01,3.912695622626147923e-02,-6.747945887377759422e-19,-8.051268620716789419e-21,1.699665534632755493e-01,-1.850179631975595802e-17,4.832806807694589189e-36,3.938952132615608486e-08,-2.236134861459400935e-01,4.245846264811475027e-05,-3.106768809695428584e-05,2.208730041792397625e+00,0.000000000000000000e+00,5.428512532813101199e-01,8.398288937237595730e-01,7.744784377609600850e-07,-1.276339713050689165e-05,-5.578478862465145127e+00,-1.665084922691419632e-03,-1.171571397149062058e-03
7.600000000000000089e-01,8.808446620088284277e-20,1.511432473838019985e-01,-3.817470484034677813e+00,-9.997568762868781261e-18,-1.481897842429324430e-01,-7.986069184851202429e+00,9.992275746928097613e-01,3.929699700409521046e-02,-7.026269618526897193e-19,-6.501570407993638584e-21,1.703767319011558756e-01,-3.700479747113246966e-17,5.046468293750711687e-18,4.456979187911853308e-08,-2.254120196000821419e-01,4.245846264811475027e-05,-3.726024955800472631e-05,2.226262547419326054e+00,0.000000000000000000e+00,5.475137511080431230e-01,8.367967173744248477e-01,9.425822664554253973e-07,-1.498323511995190662e-05,-5.545083333994336172e+00,-1.964811538921878379e-03,-1.407136230196777459e-03
7.620000000000000107e-01,9.056395254365567296e-20,1.521035837756169462e-01,-3.833415381918920062e+00,-1.041266365891667047e-17,-1.493681732351837543e-01,-7.984950998324255700e+00,9.992208568280934733e-01,3.946744582241564631e-02,-7.303590577767768295e-19,-7.471774341275973292e-21,1.707855485220422798e-01,-1.850108096712436597e-17,-5.046468293750711687e-18,5.054701955481785528e-08,-2.271793785149766043e-01,4.245846264811475027e-05,-4.474171464559853489e-05,2.243875805475422869e+00,0.000000000000000000e+00,5.521323467115368810e-01,8.337565145112330045e-01,1.148077010853978936e-06,-1.761920888039153487e-05,-5.513788332741258458e+00,-2.320583969589844805e-03,-1.691264084741180267e-03
7.640000000000000124e-01,9.309723135848957002e-20,1.530668326332936813e-01,-3.849357804517067105e+00,-1.067762003515418451e-17,-1.505459705950328575e-01,-7.983729321375336418e+00,9.992140937113689336e-01,3.963830128275237785e-02,-7.486485379875545394e-19,-1.311964459850689852e-20,1.711929542686267125e-01,-1.850251912028361564e-17,-5.046468293750711687e-18,5.746988490321911809e-08,-2.289149508056243509e-01,4.245846264811475027e-05,-5.378786816868320257e-05,2.261567046492440447e+00,0.000000000000000000e+00,5.567089296250642416e-01,8.307076629779953647e-01,1.399431223626196815e-06,-2.075234432177718965e-05,-5.484571919249860983e+00,-2.743213156135184631e-03,-2.034230088233813637e-03
7.660000000000000142e-01,9.568541506748232978e-20,1.540329902455961630e-01,-3.865297545181709093e+00,-1.094183233634493203e-17,-1.517231001698355342e-01,-7.982404852461343125e+00,9.992072851907994879e-01,3.980956193739051963e-02,-7.669394403241405728e-19,-1.876726709235022256e-20,1.715988997386394266e-01,-1.850396069390201776e-17,-5.046468293750711687e-18,6.551678666186236815e-08,-2.306181102300229047e-01,4.245846264811475027e-05,-6.473499082174311373e-05,2.279333559072623583e+00,0.000000000000000000e+00,5.612453531404502094e-01,8.276495073783827205e-01,1.707071457250313737e-06,-2.447996942169167797e-05,-5.457421237009857151e+00,-3.245653296152671216e-03,-2.448534299795201725e-03
7.680000000000000160e-01,9.832954615712170766e-20,1.550020529007921644e-01,-3.881234398654634266e+00,-1.120682315766970682e-17,-1.528994850757234014e-01,-7.980978286881090789e+00,9.992004311170209485e-01,3.998122628902395226e-02,-7.854324746557148817e-19,-1.937216015437233099e-20,1.720033351768771313e-01,-1.850396012696570880e-17,5.046468293750711687e-18,7.490201144285028337e-08,-2.322882160402666984e-01,4.245846264811475027e-05,-7.799342630511940308e-05,2.297172686758104820e+00,0.000000000000000000e+00,5.657434354368513496e-01,8.245813595439557275e-01,2.083841485072735451e-06,-2.891908999317921125e-05,-5.432317120571195090e+00,-3.843434783428057409e-03,-2.949394325815778584e-03
7.700000000000000178e-01,1.010306542060217953e-19,1.559740168869540866e-01,-3.897168161060385660e+00,-1.147255673589589197e-17,-1.540750476974678818e-01,-7.979450316780509311e+00,9.991935313432043220e-01,4.015329279040077276e-02,-8.041260042088636867e-19,-1.493425214212528562e-20,1.724062104675114226e-01,-1.850251175032296459e-17,5.046468293750711687e-18,8.588322280614665377e-08,-2.339246126615810162e-01,4.245846264811475027e-05,-9.406425581607841637e-05,2.315081824879230865e+00,0.000000000000000000e+00,5.702049565859574898e-01,8.215025017588942768e-01,2.545571753349161542e-06,-3.421048206254739761e-05,-5.409239474082764509e+00,-4.555187907511702543e-03,-3.555349626103086226e-03
7.720000000000000195e-01,1.037897557795717034e-19,1.569488784922570546e-01,-3.913098629899824044e+00,-1.173748103930237628e-17,-1.552497096883130590e-01,-7.977821631158024118e+00,9.991865857251196470e-01,4.032575984396124386e-02,-8.228180669664758533e-19,-1.049596215106310088e-20,1.728074751266845677e-01,-1.850105999195808576e-17,5.046468293750711687e-18,9.877055893437671123e-08,-2.355266293950674383e-01,4.245846264811475027e-05,-1.135598056117992095e-04,2.333058417398033324e+00,0.000000000000000000e+00,5.746316571773683046e-01,8.184121889403284111e-01,3.111785826064195403e-06,-4.052365706535001694e-05,-5.388165708168661361e+00,-5.403274569282078520e-03,-4.289002684180137984e-03
7.740000000000000213e-01,1.066078545009164924e-19,1.579266340052742079e-01,-3.929025604043702380e+00,-1.200159230866138448e-17,-1.564233919697825548e-01,-7.976092915870115263e+00,9.991795941212007204e-01,4.049862580146857544e-02,-8.415086570952785883e-19,-6.057283756294673761e-21,1.732070782954107935e-01,-1.849960486563163839e-17,5.046468293750711687e-18,1.139376923219856306e-07,-2.370935801464722492e-01,4.245846264811475027e-05,-1.372288850513925880e-04,2.351099953750270810e+00,0.000000000000000000e+00,5.790252366391365202e-01,8.153096510522778173e-01,3.806577210511682678e-06,-4.806289018602890245e-05,-5.369071481238115950e+00,-6.414551327457743320e-03,-5.177928919212960134e-03
7.760000000000000231e-01,1.094859411956733058e-19,1.589072797152693284e-01,-3.944948883726249189e+00,-1.226488681049832680e-17,-1.575960147314651727e-01,-7.974264853637050621e+00,9.991725563926106002e-01,4.067188896363276018e-02,-8.601977687852142577e-19,-1.618210637702623608e-21,1.736049687327193003e-01,-1.849814638553355692e-17,5.046468293750711687e-18,1.318352840819331663e-07,-2.386247631810337888e-01,4.245846264811475027e-05,-1.659878668535930927e-04,2.369203965691901725e+00,0.000000000000000000e+00,5.833873518786122370e-01,8.121940953229748184e-01,4.659698291597886130e-06,-5.707454476294467722e-05,-5.351930661316894877e+00,-7.621291198821385227e-03,-6.255794419866679903e-03
7.780000000000000249e-01,1.124249940351327958e-19,1.598908119124868576e-01,-3.960868270538761227e+00,-1.252736083697172257e-17,-1.587674974307841103e-01,-7.972338124048797603e+00,9.991654724033086632e-01,4.084554757972781031e-02,-8.788853962505842935e-19,2.821263416847728642e-21,1.740010948091243459e-01,-1.849668456628638587e-17,5.046468293750711687e-18,1.530073624512371136e-07,-2.401194609051754136e-01,4.245846264811475027e-05,-2.009589871290671766e-04,2.387368024153028401e+00,0.000000000000000000e+00,5.877196160220155008e-01,8.090647084100806019e-01,5.707913512423198741e-06,-6.785597768239346524e-05,-5.336715538109826795e+00,-9.062297790141549819e-03,-7.563729906577367802e-03
7.800000000000000266e-01,1.154259786785032655e-19,1.608772268884392787e-01,-3.976783567423206378e+00,-1.278901070575334885e-17,-1.599377587927545419e-01,-7.970313403571092969e+00,9.991583420201175514e-01,4.101959984720261049e-02,-8.975715337312042695e-19,7.261144508265271993e-21,1.743954045003026365e-01,-1.849521942294857704e-17,5.046468293750711687e-18,1.781112741707647411e-07,-2.415769396755171050e-01,4.245846264811475027e-05,-2.435175733169825721e-04,2.405589736100732789e+00,0.000000000000000000e+00,5.920235973135394847e-01,8.059206584649788452e-01,6.996681993030994284e-06,-8.076637463191928290e-05,-5.323396942736303927e+00,-1.078425239322587659e-02,-9.152020749261744956e-03
7.820000000000000284e-01,1.184898484142000554e-19,1.618665209361917490e-01,-3.992694578665838101e+00,-1.304983275990862634e-17,-1.611067168097338465e-01,-7.968191365551687610e+00,9.991511651127921168e-01,4.119404391128564380e-02,-9.162561754935720747e-19,1.170143862295552622e-20,1.747878453810727817e-01,-1.849375097101783294e-17,5.046468293750711687e-18,2.079420036007358909e-07,-2.429964496357171488e-01,4.245846264811475027e-05,-2.953503192364445129e-04,2.423866741409427927e+00,0.000000000000000000e+00,5.963008181418520959e-01,8.027610971120157091e-01,8.582251140374660649e-06,-9.623994261018788642e-05,-5.311944390561000873e+00,-1.284334339233472386e-02,-1.108218708732179245e-02
7.840000000000000302e-01,1.216175443001828945e-19,1.628586903506442918e-01,-4.008601109890821412e+00,-1.330982336777725176e-17,-1.622742887411691981e-01,-7.965972680226742320e+00,9.991439415540885882e-01,4.136887786458393057e-02,-9.349393158320487967e-19,1.614215162950825826e-20,1.751783646196053423e-01,-1.849227922643450255e-17,5.046468293750711687e-18,2.434618339763900352e-07,-2.443772245815715449e-01,4.245846264811475027e-05,-3.585272380415564959e-04,2.442196709733676308e+00,0.000000000000000000e+00,6.005527541936598324e-01,7.995851613361133481e-01,1.053426333313925133e-05,-1.148019836313612452e-04,-5.302326210002345164e+00,-1.530723786618550832e-02,-1.342954572916064092e-02
7.860000000000000320e-01,1.248099953033439967e-19,1.638537314288112667e-01,-4.024502968053866425e+00,-1.356897892285407060e-17,-1.634403911133468501e-01,-7.963658014727387879e+00,9.991366712198351818e-01,4.154409974667632593e-02,-9.536209490700516433e-19,2.058328927534998654e-20,1.755669089719067988e-01,-1.849080420558502648e-17,5.046468293750711687e-18,2.858365457664548463e-07,-2.457184818547390182e-01,4.245846264811475027e-05,-4.355905608274539980e-04,2.460577337373145212e+00,0.000000000000000000e+00,6.047808337243251176e-01,7.963919752785203476e-01,1.293900353994913889e-05,-1.370884922944326761e-04,-5.294509671472019896e+00,-1.825746807827971149e-02,-1.628636740739954070e-02
7.880000000000000338e-01,1.280681184379497552e-19,1.648516404700983984e-01,-4.040399961435878318e+00,-1.382729584367021031e-17,-1.646049397191474140e-01,-7.961248033086435250e+00,9.991293539890031550e-01,4.171970754370148138e-02,-9.723010695612607296e-19,2.502485718336106544e-20,1.759534247765067172e-01,-1.848932592530542206e-17,5.046468293750711687e-18,3.364796181226783725e-07,-2.470194222653658567e-01,4.245846264811475027e-05,-5.296646421338759144e-04,2.479006344111677862e+00,0.000000000000000000e+00,6.089864369396446042e-01,7.931806519363949759e-01,1.590344811049311578e-05,-1.638700659988569480e-04,-5.288461114059814783e+00,-2.179232109904683662e-02,-1.976577016853917762e-02
7.900000000000000355e-01,1.313928189031388997e-19,1.658524137765771400e-01,-4.056291899636616627e+00,-1.408477057367446604e-17,-1.657678496178113803e-01,-7.958743396245234969e+00,9.991219897437791930e-01,4.189569918794074088e-02,-9.909796716908385773e-19,2.946686084845712657e-20,1.763378579494517817e-01,-1.848784440288481788e-17,5.046468293750711687e-18,3.971062325343824227e-07,-2.482792300437645927e-01,4.245846264811475027e-05,-6.445919226044423021e-04,2.497481470001116310e+00,0.000000000000000000e+00,6.131708954824415247e-01,7.899502947602967673e-01,1.956031568297761798e-05,-1.960810964805464204e-04,-5.284146073947690425e+00,-2.603033868387431143e-02,-2.400652348455287188e-02
7.920000000000000373e-01,1.347850426946811879e-19,1.668560476532565950e-01,-4.072178593568366090e+00,-1.448684577498977864e-17,-1.669290351347190449e-01,-7.956144762060686659e+00,9.991145783696382399e-01,4.207207255739613128e-02,-1.018689235152250005e-18,2.847910344600632013e-20,1.767201539794636955e-01,-3.699156201587211842e-17,-5.046468293750711687e-18,4.697992873610312691e-07,-2.494970728211303723e-01,4.245846264811475027e-05,-7.851012323611859193e-04,2.516000472043582459e+00,0.000000000000000000e+00,6.173354920187300587e-01,7.866999991396825820e-01,2.407437234751026706e-05,-2.348554329376146459e-04,-5.281529417688968664e+00,-3.111455744485134081e-02,-2.917897970815146874e-02
7.940000000000000391e-01,1.382459854901558582e-19,1.678625384083528571e-01,-4.088059855449621693e+00,-1.415060121057511298e-17,-1.680884098611890032e-01,-7.953452785312387974e+00,9.991071197554179939e-01,4.224882547536376598e-02,-9.999695551563106822e-19,2.439971509474132038e-20,1.771002579233848795e-01,7.402925249363869065e-17,-5.046468293750711687e-18,5.570901355686535914e-07,-2.506721016390393020e-01,4.245846264811475027e-05,-9.570162572999509716e-04,2.534561120700535852e+00,0.000000000000000000e+00,6.214814599188682731e-01,7.834288537610585301e-01,2.965030763448485443e-05,-2.815699801071550089e-04,-5.280575485688514981e+00,-3.721764715237316917e-02,-3.549240177314177264e-02
7.960000000000000409e-01,1.417739720318653799e-19,1.688718823535558800e-01,-4.103935498798786163e+00,-1.293375199468848091e-17,-1.692458866542992102e-01,-7.950668117709922100e+00,9.990996137933934040e-01,4.242595571000284255e-02,-9.257895981876221810e-19,2.266264888357948192e-20,1.774781144018391099e-01,7.402776135311483224e-17,-5.046468293750711687e-18,6.620573775143850579e-07,-2.518034509871270865e-01,4.245846264811475027e-05,-1.167513910938749793e-03,2.553161196118651333e+00,0.000000000000000000e+00,6.256099830300296816e-01,7.801359418151400105e-01,3.654257902501389325e-05,-3.378980313552646265e-04,-5.281248253348223898e+00,-4.454813870779934792e-02,-4.320402108280319009e-02
7.980000000000000426e-01,1.453639764160776734e-19,1.698840758042938770e-01,-4.119805338427877217e+00,-1.172024512359439852e-17,-1.704013776367345467e-01,-7.947791407900285598e+00,9.990920603793528310e-01,4.260346097390047687e-02,-8.516110949042020004e-19,2.092586740603585205e-20,1.778536675950930235e-01,7.402626704420967665e-17,-5.046468293750711687e-18,7.884478028643390117e-07,-2.528902388678436197e-01,4.245846264811475027e-05,-1.425444752351803356e-03,2.571798483904687238e+00,0.000000000000000000e+00,6.297221955373265567e-01,7.768203420170582962e-01,4.506772488917691686e-05,-4.058745521301383458e-04,-5.283511520938963812e+00,-5.335797416644027374e-02,-5.263024046697799274e-02
8.000000000000000444e-01,1.490107168974334242e-19,1.708991150799951675e-01,-4.135669190436254361e+00,-1.051009415421552372e-17,-1.715547941966647227e-01,-7.944823301475445909e+00,9.990844594126746525e-01,4.278133892363260304e-02,-7.774340513764036582e-19,1.918934038632438684e-20,1.782268612391748053e-01,7.402476958653227219e-17,-5.046468293750711687e-18,9.408245138565938739e-07,-2.539315668864397524e-01,4.245846264811475027e-05,-1.741730585891605124e-03,2.590470770193784578e+00,0.000000000000000000e+00,6.338191819121351545e-01,7.734811293852693614e-01,5.561977459134747459e-05,-4.879761415188442150e-04,-5.287329148508694843e+00,-6.395166062625670667e-02,-6.416049782412719393e-02
8.020000000000000462e-01,1.527089682938217464e-19,1.719169965043477188e-01,-4.151526872204354568e+00,-9.303312547300367666e-18,-1.727060469876565696e-01,-7.941764440980025874e+00,9.990768107964050904e-01,4.295958715932115396e-02,-7.032584736677092430e-19,1.745303785080958783e-20,1.785976386222019874e-01,7.402326900016679566e-17,-5.046468293750711687e-18,1.124748417145378579e-06,-2.549265203632505861e-01,4.245846264811475027e-05,-2.129858120772687088e-03,2.609175835622405071e+00,0.000000000000000000e+00,6.379019769476680368e-01,7.701173756973967999e-01,6.868954697628848710e-05,-5.872190320238676511e-04,-5.292665360066576064e+00,-7.669736957404399424e-02,-7.827443145003300240e-02
8.040000000000000480e-01,1.564535614063587431e-19,1.729377164055559968e-01,-4.167378202387442165e+00,-8.099913667877211804e-18,-1.738550459286244132e-01,-7.938615465919120595e+00,9.990691144373364807e-01,4.313820322418774472e-02,-6.290843678338720862e-19,1.571693014028200336e-20,1.789659425809150550e-01,7.402176530567628705e-17,-5.046468293750711687e-18,1.347000694219399064e-06,-2.558741684637207414e-01,4.245846264811475027e-05,-2.606492245742051458e-03,2.627911447614407869e+00,0.000000000000000000e+00,6.419715658837160666e-01,7.667281495002558067e-01,8.488883344736273780e-05,-7.072792682924923914e-04,-5.299485153186572539e+00,-9.204039545713832426e-02,-9.556314411728085434e-02
8.060000000000000497e-01,1.602393824396736854e-19,1.739612711165956505e-01,-4.183223000909373823e+00,-6.900785164115692677e-18,-1.750017002038222191e-01,-7.935377012766229754e+00,9.990613702460870993e-01,4.331718460410410171e-02,-5.550204871975663933e-19,1.650187757593887447e-20,1.793317154974460870e-01,7.402101217126104726e-17,0.000000000000000000e+00,1.615855614103378667e-06,-2.567735643392036748e-01,4.245846264811475027e-05,-3.192238320523442443e-03,2.646675350079922051e+00,0.000000000000000000e+00,6.460288846248707362e-01,7.633125154899981224e-01,1.049807206182451578e-04,-8.526401692518689171e-04,-5.307754868072992238e+00,-1.105194742401917479e-01,-1.167555571843854889e-01
8.080000000000000515e-01,1.640613723594837353e-19,1.749876569754655609e-01,-4.199061088956379528e+00,-5.705922474134556313e-18,-1.761459182628810904e-01,-7.932049714971312504e+00,9.990535781371809865e-01,4.349652872713938301e-02,-4.810659823042761438e-19,1.980788823425424930e-20,1.796948992962736913e-01,7.402101217126104726e-17,0.000000000000000000e+00,1.941415215766778253e-06,-2.576237452679651097e-01,4.245846264811475027e-05,-3.912590194469581575e-03,2.665465249155479110e+00,0.000000000000000000e+00,6.500748200595797277e-01,7.598695329864637582e-01,1.299176343155672040e-04,-1.028773367876940686e-03,-5.317442997090487289e+00,-1.327865673160058824e-01,-1.427510876335764956e-01
8.100000000000000533e-01,1.679145262078282779e-19,1.760168703254376132e-01,-4.214892288970854217e+00,-4.514452489714156109e-18,-1.772876078208961426e-01,-7.928634202968958711e+00,9.990457380291294376e-01,4.367623296310468861e-02,-4.071114547126815676e-19,2.311407236402663165e-20,1.800554354414318770e-01,7.402101217126104726e-17,-1.094278377492747674e-36,2.336020060919202783e-06,-2.584237327804297935e-01,4.245846264811475027e-05,-4.799109799411368019e-03,2.684278792894054799e+00,0.000000000000000000e+00,6.541102104912421833e-01,7.563982530880478672e-01,1.608890996047815597e-04,-1.242361191470033391e-03,-5.328521356371829221e+00,-1.596308415705516293e-01,-1.746601813875542919e-01
8.120000000000000551e-01,1.717938925122767663e-19,1.770489075153039160e-01,-4.230716424645168061e+00,-3.326388132802261231e-18,-1.784266758585660306e-01,-7.925131104186671216e+00,9.990378498445129374e-01,4.385629462309491300e-02,-3.331569056235109588e-19,2.642040200514916412e-20,1.804132649338736349e-01,7.402101217126104726e-17,-1.094278377492747674e-36,2.814753567368613860e-06,-2.591725327446269267e-01,4.245846264811475027e-05,-5.890895583317632203e-03,2.703113541712744983e+00,0.000000000000000000e+00,6.581358461973377816e-01,7.528977138864506591e-01,1.993817334439684764e-04,-1.501569957661457854e-03,-5.340966802396226676e+00,-1.920077262393222461e-01,-2.138546096034251720e-01
8.140000000000000568e-01,1.756945727280439208e-19,1.780837648996218547e-01,-4.246533320915488297e+00,-2.141742232125694667e-18,-1.795630286223885430e-01,-7.921541043053260900e+00,9.990299135100642047e-01,4.403671095902815524e-02,-2.592023362761309552e-19,2.972684957291171400e-20,1.807683283090823212e-01,7.402101217126104726e-17,-1.459037836656996899e-36,3.396061542535134683e-06,-2.598691353756528710e-01,4.245846264811475027e-05,-7.236411319805468451e-03,2.721966924720070402e+00,0.000000000000000000e+00,6.621524701383617595e-01,7.493669328094794135e-01,2.472546467016303721e-04,-1.816385996582395171e-03,-5.354763768973006322e+00,-2.310741053140575041e-01,-2.620298981374568070e-01
8.160000000000000586e-01,1.796117206830122394e-19,1.791214388389564538e-01,-4.262342803955620596e+00,-9.605275236327990672e-19,-1.806965716249161191e-01,-7.917864641007342996e+00,9.990219289567515704e-01,4.421747916318292254e-02,-1.852477479490069318e-19,3.303338787103073730e-20,1.811205656348783832e-01,7.402101217126104726e-17,-2.918075673313993798e-36,4.102513661787420892e-06,-2.605125151147207330e-01,4.245846264811475027e-05,-8.895764646619100727e-03,2.740836174460947294e+00,0.000000000000000000e+00,6.661607788449123158e-01,7.458048946915523114e-01,3.068342677703066569e-04,-2.199028964257642490e-03,-5.369908039924584209e+00,-2.782309146381672926e-01,-3.212828350813300426e-01
8.180000000000000604e-01,1.835405420264004621e-19,1.801619257001206564e-01,-4.278144701170860209e+00,2.172433490653107521e-19,-1.818272096450745945e-01,-7.914102516505940876e+00,9.990138961198640200e-01,4.439859636773330759e-02,-1.112931419601612275e-19,3.633999010481713255e-20,1.814699165094250943e-01,7.402101217126104726e-17,-5.106632428299489146e-36,4.961740068849251691e-06,-2.611016302958976687e-01,4.245846264811475027e-05,-1.094354691858754128e-02,2.759718228652577654e+00,0.000000000000000000e+00,6.701614235180397561e-01,7.422105334654004460e-01,3.810336584236671733e-04,-2.664460402895494750e-03,-5.386412384416559895e+00,-3.351746591282621091e-01,-3.942077127759130994e-01
8.200000000000000622e-01,1.874762936810662653e-19,1.812052218564130790e-01,-4.293938841191867084e+00,1.391557834254727896e-18,-1.829548467285485036e-01,-7.910255285033186645e+00,9.990058149390961262e-01,4.458005964428234796e-02,-3.733851966762902495e-20,3.964662989448292720e-20,1.818163200594411222e-01,7.402101217126104726e-17,-6.565670264956486713e-36,6.007584423251401724e-06,-2.616354224772460824e-01,4.245846264811475027e-05,-1.347237366811673484e-02,2.778609581395339312e+00,0.000000000000000000e+00,6.741550113834029467e-01,7.385827043030738226e-01,4.735027351281141379e-04,-3.231009670398889144e-03,-5.404315002359171949e+00,-4.039596503732367228e-01,-4.840158399117252541e-01
8.220000000000000639e-01,1.914142832994319915e-19,1.822513236878533505e-01,-4.309725053868547207e+00,2.562403471679976859e-18,-1.840793861882364102e-01,-7.906323559109122989e+00,9.989976853586346461e-01,4.476186600339378263e-02,3.661611753008816531e-20,4.295328128858746142e-20,1.821597149386151304e-01,7.402101217126104726e-17,-8.389467560777732503e-36,7.281525173396897002e-06,-2.621128152506808084e-01,4.245846264811475027e-05,-1.659729944062384582e-02,2.797506056983006140e+00,0.000000000000000000e+00,6.781421073407986055e-01,7.349201414254460385e-01,5.888175153064182472e-04,-3.921144470069336425e-03,-5.423692213114875038e+00,-4.870730883496727781e-01,-5.946839433116106743e-01
8.240000000000000657e-01,1.953498687230212566e-19,1.833002275814152870e-01,-4.325503170263957031e+00,3.729767892106495788e-18,-1.852007306047796231e-01,-7.902307948298593843e+00,9.989895073272453407e-01,4.494401239412239291e-02,1.105707681935714158e-19,4.625991877762371644e-20,1.825000393262310727e-01,7.402101217126104726e-17,-7.659948642449233385e-36,8.834430483643163342e-06,-2.625327122506924127e-01,4.245846264811475027e-05,-2.046132356959461801e-02,2.816402465038869707e+00,0.000000000000000000e+00,6.821232359412916502e-01,7.312213943676292294e-01,7.327186829346034411e-04,-4.762419455632545089e-03,-5.444677557683459845e+00,-5.875254684328468091e-01,-7.311384120177129020e-01
8.260000000000000675e-01,1.992784574455947594e-19,1.843519299312575410e-01,-4.341273022648223900e+00,4.893638816884386766e-18,-1.863187818271674900e-01,-7.898209059220230976e+00,9.989812807983609044e-01,4.512649570354313605e-02,1.845254308420359777e-19,4.956651730774532010e-20,1.828372309259635453e-01,7.402101217126104726e-17,-7.659948642449233385e-36,1.072873048509799644e-05,-2.628939939399294046e-01,4.245846264811475027e-05,-2.524225642269675718e-02,2.835292073542843294e+00,0.000000000000000000e+00,6.860988836936455781e-01,7.274847318093939919e-01,9.124125523288169380e-04,-5.788643986323985594e-03,-5.467490603448803554e+00,-7.089591723561347036e-01,-8.994839709993702748e-01
8.280000000000000693e-01,2.031955060836586473e-19,1.854064271389520013e-01,-4.357034444492478009e+00,6.054941030951370587e-18,-1.874334409734226825e-01,-7.894027495555523188e+00,9.989730057301694499e-01,4.530931275627927274e-02,2.585938660185151351e-19,5.035238396852164296e-20,1.831712269649335978e-01,7.402024233292086115e-17,-5.046468293750711687e-18,1.304009695670611913e-05,-2.631956097751301793e-01,4.245846264811475027e-05,-3.113887004932147304e-02,2.854166029870585319e+00,0.000000000000000000e+00,6.900511610560161602e-01,7.237256664253060023e-01,1.151403778364063369e-03,-7.020205079838509783e-03,-5.441844043383729179e+00,-8.050284884454290690e-01,-1.099443711485376562e+00
8.300000000000000711e-01,2.070965199175288196e-19,1.864637156137098073e-01,-4.372787270462806575e+00,7.213643646300831761e-18,-1.885446084313696369e-01,-7.889763858057976087e+00,9.989646820857041032e-01,4.549246031402969653e-02,3.327751986011139349e-19,4.861745506202219569e-20,1.835019641928875289e-01,7.401870032897297376e-17,-5.046468293750711687e-18,1.585341914361688075e-05,-2.634370080113782042e-01,4.245846264811475027e-05,-3.835111339987679058e-02,2.873012759222462797e+00,0.000000000000000000e+00,6.939362875032666356e-01,7.199852484085889071e-01,1.493019089263579544e-03,-8.455530458322256179e-03,-5.345683911077577122e+00,-8.617605736559721397e-01,-1.330077645892939753e+00
8.320000000000000728e-01,2.109770524774175033e-19,1.875237917726050862e-01,-4.388531336414222217e+00,8.368785423991214783e-18,-1.896521838594893150e-01,-7.885418744562348259e+00,9.989563098329331536e-01,4.567593507509566664e-02,4.069549941842824379e-19,4.688234483856130895e-20,1.838293788816388330e-01,7.401715555724015120e-17,-5.046468293750711687e-18,1.925564972812064449e-05,-2.636183226766689036e-01,4.245846264811475027e-05,-4.705527437298522714e-02,2.891817656979129847e+00,0.000000000000000000e+00,6.977207550609447750e-01,7.162958936190430004e-01,1.960781790537412424e-03,-1.010694007467459292e-02,-5.227570266951224731e+00,-9.398769505946439340e-01,-1.582569856809525888e+00
8.339999999999999636e-01,2.148329392075035194e-19,1.885866520407963320e-01,-4.404266479384649990e+00,8.791682185795038275e-18,-1.907560661878635877e-01,-7.880992749993970925e+00,9.989478889448507593e-01,4.585973367390709654e-02,4.349223641652927818e-19,4.303126181200471600e-20,1.841534068246789835e-01,-1.850297733949212203e-17,-5.046468293750711687e-18,2.333516067638254451e-05,-2.637400565476537007e-01,4.245846264811475027e-05,-5.741403664413008423e-02,2.910562558721812465e+00,0.000000000000000000e+00,7.013880791304303308e-01,7.126739164933764137e-01,2.553987241354225852e-03,-1.200760353923412821e-02,-5.085462104276894379e+00,-1.041898850915243813e+00,-1.859740137495556223e+00
8.359999999999999654e-01,2.186626718497601475e-19,1.896522928517454520e-01,-4.419992537588928627e+00,8.337851976244718480e-18,-1.918561536192122385e-01,-7.876486466378141316e+00,9.989394193995687621e-01,4.604385268054868308e-02,4.072041118847304725e-19,4.167767716242054746e-20,1.844739833370008797e-01,-3.700669396719493453e-17,5.046468293750711687e-18,2.818282934439332346e-05,-2.638030053481770776e-01,4.245846264811475027e-05,-6.961567631929282962e-02,2.929224308300019786e+00,0.000000000000000000e+00,7.049211832522831456e-01,7.091360863305751217e-01,3.273382821747647820e-03,-1.419421219654952958e-02,-4.919856180239930765e+00,-1.167644664637479623e+00,-2.166370413290868768e+00
8.379999999999999671e-01,2.224678268596983134e-19,1.907207106474345659e-01,-4.435709350412833984e+00,7.737972244905946141e-18,-1.929523436300259187e-01,-7.871900482849587988e+00,9.989309011804090588e-01,4.622828860028600773e-02,3.700127715624264191e-19,4.493971640706535621e-20,1.847910432551031212e-01,-3.700514106357059374e-17,5.046468293750711687e-18,3.389257976247304904e-05,-2.638082598678505586e-01,4.245846264811475027e-05,-8.388111257932887033e-02,2.947773176061641021e+00,0.000000000000000000e+00,7.083027935657618679e-01,7.056990020781852557e-01,4.122456357558277294e-03,-1.670720586541801431e-02,-4.730185686262381672e+00,-1.318034936508155619e+00,-2.507470919935485654e+00
8.399999999999999689e-01,2.262507047938413293e-19,1.917919018785803897e-01,-4.451416758407114926e+00,7.140882714593461064e-18,-1.940445329717976897e-01,-7.867235385662011637e+00,9.989223342759968594e-01,4.641303787309183221e-02,3.329395264145653636e-19,4.568116792104531488e-20,1.851045209372112477e-01,-3.700436350564649553e-17,0.000000000000000000e+00,4.056290488131234536e-05,-2.637571204216740406e-01,4.245846264811475027e-05,-1.004452348497267555e-01,2.966171585960053925e+00,0.000000000000000000e+00,7.115312204913761818e-01,7.023632031566157119e-01,5.121642191792990378e-03,-1.957233333692071781e-02,-4.562294628396395879e+00,-1.447296607510725197e+00,-2.881278894141621194e+00
8.419999999999999707e-01,2.300136283169370565e-19,1.928658630048463718e-01,-4.467114603281552299e+00,6.546569849068744746e-18,-1.951326176723568451e-01,-7.862491758197687197e+00,9.989137186803542789e-01,4.659809687317278265e-02,2.959834985202282607e-19,4.390200393922838817e-20,1.854143502636916296e-01,-3.700436350564649553e-17,-9.118986479106232288e-37,4.830545899136073971e-05,-2.636505441503734781e-01,4.245846264811475027e-05,-1.194974925209888184e-01,2.984374658422673576e+00,0.000000000000000000e+00,7.146562838928322003e-01,6.990768189288644185e-01,6.340324728276414482e-03,-2.275635666233731189e-02,-4.519844531202977578e+00,-1.450698778240318676e+00,-3.272869142666494646e+00
8.439999999999999725e-01,2.337588960192030172e-19,1.939425904950526081e-01,-4.482802727899032114e+00,5.954056684063358302e-18,-1.962164930373075655e-01,-7.857670180977134322e+00,9.989050543929947068e-01,4.678346190849664438e-02,2.590274739728698117e-19,4.212274727073309576e-20,1.857204646376779122e-01,-3.700436350564649553e-17,-5.471391887463740041e-37,5.725472963749679486e-05,-2.634884398018592644e-01,4.245846264811475027e-05,-1.411411466147826088e-01,3.002331979836880382e+00,0.000000000000000000e+00,7.177293098153660900e-01,6.957845386080357963e-01,7.841879090183587545e-03,-2.621207693534538530e-02,-4.507357005072389455e+00,-1.422486439481701170e+00,-3.667474351986050429e+00
8.459999999999999742e-01,2.374887826952655213e-19,1.950220808273832318e-01,-4.498480976269636500e+00,5.363348916886248035e-18,-1.972960536515755980e-01,-7.852771231668850049e+00,9.988963414190185075e-01,4.696912922032044080e-02,2.220714533077027703e-19,4.034341032390223836e-20,1.860227969858717634e-01,-3.700436350564649553e-17,-3.647594591642493918e-37,6.755207174664471035e-05,-2.632702507042509188e-01,4.245846264811475027e-05,-1.654214706133953494e-01,3.019988000315356746e+00,0.000000000000000000e+00,7.207576800195600875e-01,6.924736696813371672e-01,9.638102294038502701e-03,-2.992899727436117499e-02,-4.495732582919260700e+00,-1.391475131838735946e+00,-4.060471305797822339e+00
8.479999999999999760e-01,2.412055395999794477e-19,1.961043304895917216e-01,-4.514149193544756855e+00,4.774452201917021257e-18,-1.983711933810659855e-01,-7.847795485099096524e+00,9.988875797692081671e-01,4.715509498271949762e-02,1.851154370792067490e-19,3.856400524541989063e-20,1.863212797595720782e-01,-3.700436350564649553e-17,-1.823797295821247585e-37,7.933524700604196143e-05,-2.629953598405386783e-01,4.245846264811475027e-05,-1.923681087975541992e-01,3.037281140185442041e+00,0.000000000000000000e+00,7.237383559897574425e-01,6.891413032524597027e-01,1.172850422421628167e-02,-3.390505623407604613e-02,-4.484900868322915457e+00,-1.357693486055285170e+00,-4.451695311793258725e+00
8.499999999999999778e-01,2.449113947036524813e-19,1.971893359792038503e-01,-4.529807226011222099e+00,4.187372150816002840e-18,-1.994418053744347330e-01,-7.842743513261752675e+00,9.988787694601253264e-01,4.734135530211774218e-02,1.481594258613443083e-19,3.678454391293089460e-20,1.866158449358952531e-01,-3.700436350564649553e-17,-1.823797295821247585e-37,9.273613543009326138e-05,-2.626631484043789322e-01,4.245846264811475027e-05,-2.220080203493593196e-01,3.054143327566434696e+00,0.000000000000000000e+00,7.266679121438193167e-01,6.857843160942298510e-01,1.411245485058931076e-02,-3.813804314325226763e-02,-4.474786856469352259e+00,-1.321169565774118926e+00,-4.840984736981563508e+00
8.519999999999999796e-01,2.486085529455302336e-19,1.982770938037182740e-01,-4.545454921085446465e+00,3.602114332733593818e-18,-2.005077820649772968e-01,-7.837615885328209409e+00,9.988699105142074819e-01,4.752790621681934197e-02,1.112034202477757221e-19,3.500503792758971955e-20,1.869064240191855020e-01,-3.700436350564649553e-17,-1.823797295821247585e-37,1.078797076488425475e-04,-2.622729995856063478e-01,4.245846264811475027e-05,-2.543651974529528847e-01,3.070500003184494897e+00,0.000000000000000000e+00,7.295425375269903867e-01,6.823993865265525205e-01,1.678918158891826856e-02,-4.262559179238077645e-02,-4.465311129952667990e+00,-1.281931035997674106e+00,-5.228181262654079120e+00
8.539999999999999813e-01,2.522991964855489430e-19,1.993676004808049296e-01,-4.561092127307594168e+00,3.018684274518929720e-18,-2.015690151726369783e-01,-7.832413167657326980e+00,9.988610029598657958e-01,4.771474369654200159e-02,7.424742085207204566e-20,3.322549860653897134e-20,1.871929480426555159e-01,-3.700436350564649553e-17,-5.471391887463740041e-37,1.248829369336687935e-04,-2.618243027464838280e-01,4.245846264811475027e-05,-2.894603631930244836e-01,3.086270149247244188e+00,0.000000000000000000e+00,7.323580385357626454e-01,6.789830107284686722e-01,1.975776596983103844e-02,-4.736517431013480967e-02,-4.456390059423886996e+00,-1.240005343209724886e+00,-5.613130127475616682e+00
8.559999999999999831e-01,2.559854849543630215e-19,2.004608525385010165e-01,-4.576718694335767168e+00,2.437087460927835936e-18,-2.026253957061359967e-01,-7.827135923805431439e+00,9.988520468315833511e-01,4.790186364195204993e-02,3.729142830792663075e-20,3.144593697531779184e-20,1.874753475702048700e-01,-3.700436350564649553e-17,-5.471391887463740041e-37,1.438536554567520999e-04,-2.613164579815921984e-01,4.245846264811475027e-05,-3.273106503621470154e-01,3.101366343669604841e+00,0.000000000000000000e+00,7.351098426657586282e-01,6.755315194423350267e-01,2.301713962443847558e-02,-5.235409528212844887e-02,-4.447936009331321827e+00,-1.195419905770531699e+00,-5.995680357970938346e+00
8.579999999999999849e-01,2.596695557016538070e-19,2.015568465154048139e-01,-4.592334472940208023e+00,1.857329334830074725e-18,-2.036768139652320175e-01,-7.821784714536360816e+00,9.988430421700140727e-01,4.808926188420149794e-02,3.354432693649679365e-22,2.966636376020046147e-20,1.877535526984563385e-01,-3.700436350564649553e-17,-7.295189183284986165e-37,1.648893617231116278e-04,-2.607488810519205669e-01,4.245846264811475027e-05,-3.679292624867304684e-01,3.115694840942424992e+00,0.000000000000000000e+00,7.377930032775524838e-01,6.720410950247377446e-01,2.656607959904894525e-02,-5.758948616417606386e-02,-4.439857548976131163e+00,-1.148202313196153179e+00,-6.375684985749686007e+00
8.599999999999999867e-01,2.633535240427270288e-19,2.026555789608671665e-01,-4.607939314997524072e+00,1.279415297415884643e-18,-2.047231595431031892e-01,-7.816360097831555720e+00,9.988339890220818695e-01,4.827693418446737939e-02,-3.662053358904728298e-20,2.788678938046556593e-20,1.880274930589975746e-01,-3.700436350564649553e-17,-3.647594591642493500e-37,1.880759887293738776e-04,-2.601210086811535094e-01,4.245846264811475027e-05,-4.113251185800933518e-01,3.129155680920649552e+00,0.000000000000000000e+00,7.404022053742265186e-01,6.685077887954089526e-01,3.040320301576405343e-02,-6.306830004062864703e-02,-4.432059669078968867e+00,-1.098380532936518605e+00,-6.753001250890751095e+00
8.619999999999999885e-01,2.670394835034057786e-19,2.037570464351806665e-01,-4.623533073484929368e+00,7.033507084018081403e-19,-2.057643213288645467e-01,-7.810862628900187232e+00,9.988248874410808886e-01,4.846487623349345769e-02,-7.357650157199794761e-20,2.610722394059612439e-20,1.882970978208373947e-01,-3.700436350564649553e-17,-8.352389719038111394e-53,2.134822419110520085e-04,-2.594324239525277465e-01,4.245846264811475027e-05,-4.574699063042755309e-01,3.141647611502972115e+00,0.000000000000000000e+00,7.429109544790649666e-01,6.649503444228888061e-01,3.449631668578991006e-02,-6.880706342327007341e-02,-4.357845498220683567e+00,-1.113619510045293914e+00,-7.117150797119519368e+00
8.639999999999999902e-01,2.707295060632259656e-19,2.048612455097665042e-01,-4.639115602474505273e+00,1.291408862358033894e-19,-2.068001875102182530e-01,-7.805292860189323889e+00,9.988157374867756566e-01,4.865308365113459044e-02,-1.105324599632239356e-19,2.432767722241112744e-20,1.885622956930514960e-01,-3.700436350564649553e-17,-8.352389719038111394e-53,2.411351897181496251e-04,-2.586835577922003693e-01,4.245846264811475027e-05,-5.062335538121290890e-01,3.153081261258861012e+00,0.000000000000000000e+00,7.452331797484436082e-01,6.614537721701709838e-01,3.872135122222377518e-02,-7.488075062838046858e-02,-4.088800466337755957e+00,-1.326504937451096655e+00,-7.447946537220375696e+00
8.659999999999999920e-01,2.744256423969416724e-19,2.059681727673592089e-01,-4.654686757127485919e+00,-4.432088916983576365e-19,-2.078306455762407023e-01,-7.799651341394134185e+00,9.988065392255018882e-01,4.884155198590392488e-02,-1.474884080253087774e-19,2.254815867712897843e-20,1.888230149276385328e-01,-3.700436350564649553e-17,-3.647594591642493500e-37,2.709993301700425227e-04,-2.578765399936893687e-01,4.245846264811475027e-05,-5.574501523261295999e-01,3.163375925612625483e+00,0.000000000000000000e+00,7.472693685989745260e-01,6.581207287744198497e-01,4.292363968865407775e-02,-8.138312588605033093e-02,-3.699209110018640168e+00,-1.667981136452620916e+00,-7.756433271930863071e+00
8.679999999999999938e-01,2.781299221143474889e-19,2.070778248021888091e-01,-4.670246393688553432e+00,-1.013693388877411479e-18,-2.088555823203092909e-01,-7.793938619468123719e+00,9.987972927302681825e-01,4.903027671452314662e-02,-1.844443449994820324e-19,2.076867741736338576e-20,1.890791833226195540e-01,-3.700436350564649553e-17,-3.647594591642493500e-37,3.030087700946563481e-04,-2.570147600463749127e-01,4.245846264811475027e-05,-6.109976969786207190e-01,3.172447833426118358e+00,0.000000000000000000e+00,7.489560283433454035e-01,6.550158657993743194e-01,4.699317761391974546e-02,-8.837861453826681424e-02,-3.223812923470616543e+00,-2.106793356300479036e+00,-8.047685279303991024e+00
8.699999999999999956e-01,2.818442260754945785e-19,2.081901982201610213e-01,-4.685794369480163368e+00,-1.150232275015275523e-18,-2.098748838431714892e-01,-7.788155238633397204e+00,9.987879980808576086e-01,4.921925324147596176e-02,-1.936781622580904190e-19,2.035185298375463086e-20,1.893307282253081369e-01,1.850678772561133149e-17,-3.647594591642493500e-37,3.370920605630818296e-04,-2.561023812332730021e-01,4.245846264811475027e-05,-6.667742775139142708e-01,3.180212160829600787e+00,0.000000000000000000e+00,7.502481320204741344e-01,6.521831339311413567e-01,5.084257424452235524e-02,-9.591656875285563266e-02,-2.684798361177332282e+00,-2.623156941466530334e+00,-8.324921277246859930e+00
8.719999999999999973e-01,2.855690146311487726e-19,2.093052896390349416e-01,-4.701330542896882569e+00,-8.548044807263928103e-19,-2.108884355561589374e-01,-7.782301740390955125e+00,9.987786553639298459e-01,4.940847689856508324e-02,-1.751899456487918515e-19,2.129943525773005645e-20,1.895775765358191089e-01,1.850678772561133149e-17,-2.735695943731870438e-37,3.732002671483261027e-04,-2.551436623578556273e-01,4.245846264811475027e-05,-7.245781265554442907e-01,3.186608751585135124e+00,0.000000000000000000e+00,7.511817592142732147e-01,6.495793385763987127e-01,5.448476722612371342e-02,-1.039428355827778788e-01,-2.323128332853954703e+00,-2.974590483379913053e+00,-8.555391152388830633e+00
8.739999999999999991e-01,2.893033456664524703e-19,2.104230956885984882e-01,-4.716854773399751011e+00,-5.603172941300427531e-19,-2.118961221845492571e-01,-7.776378663531009039e+00,9.987692646731238799e-01,4.959794294447288088e-02,-1.567017175373893736e-19,2.224705960837780714e-20,1.898196547107686150e-01,1.850678772561133149e-17,-4.559493239553116979e-37,4.113757561530481189e-04,-2.541413755912034222e-01,4.245846264811475027e-05,-7.840968569519467524e-01,3.191613446307982827e+00,0.000000000000000000e+00,7.518534133298949707e-01,6.470974515561013218e-01,5.799963084487114867e-02,-1.123273401353828138e-01,-2.095650727632858867e+00,-3.226216710999558313e+00,-8.738753353851928196e+00
8.760000000000000009e-01,2.930461599583711277e-19,2.115436130108415969e-01,-4.732366921510659630e+00,-2.667732534097277713e-19,-2.128978277710783795e-01,-7.770386544143325303e+00,9.987598261091610308e-01,4.978764656432594499e-02,-1.382134784492389501e-19,2.319472072685094142e-20,1.900568887672377527e-01,1.850678772561133149e-17,-3.647594591642493918e-37,4.517649486020857775e-04,-2.530965878657233104e-01,4.245846264811475027e-05,-8.449828625316440078e-01,3.195229199526066211e+00,0.000000000000000000e+00,7.523614532532221233e-01,6.446271618760625044e-01,6.141457869275268600e-02,-1.209808697590026572e-01,-2.040076573592226161e+00,-3.451610311547076204e+00,-8.865925576783423523e+00
8.780000000000000027e-01,2.967964088761705351e-19,2.126668382601271390e-01,-4.747866848806752138e+00,2.582512318248089478e-20,-2.138934356796058367e-01,-7.764325915627584784e+00,9.987503397799480931e-01,4.997758286926373000e-02,-1.197252289241541166e-19,2.414241347166099406e-20,1.902892042868761235e-01,1.850678772561133149e-17,-3.647594591642493918e-37,4.946309744091405324e-04,-2.520086887638991469e-01,4.245846264811475027e-05,-9.068537286178927070e-01,3.197490557972978209e+00,0.000000000000000000e+00,7.527647165066306822e-01,6.421081511343258441e-01,6.476655839948715354e-02,-1.297988915274335686e-01,-1.998389402272675364e+00,-3.532205866109891179e+00,-8.936410472038904373e+00
8.800000000000000044e-01,3.005530542630351515e-19,2.137927681033594540e-01,-4.763354417914846373e+00,3.174753372262486245e-19,-2.148828285989356213e-01,-7.758197308703763007e+00,9.987408058006810307e-01,5.016774689601156967e-02,-1.012369695165378094e-19,2.509013287274782717e-20,1.905165264202989261e-01,1.850678772561133149e-17,-2.735695943731870856e-37,5.402744375633489280e-04,-2.508767877318864303e-01,4.245846264811475027e-05,-9.693983169001563205e-01,3.198436777714177559e+00,0.000000000000000000e+00,7.530811922645376244e-01,6.395300037685456296e-01,6.810799820510561597e-02,-1.386774971562163283e-01,-2.006998242902716445e+00,-3.549535176883406695e+00,-8.973749288484739850e+00
8.820000000000000062e-01,3.043150683185148297e-19,2.149213992201506607e-01,-4.778829492505873411e+00,6.081749100336459913e-19,-2.158658885467955868e-01,-7.752001251422526273e+00,9.987312242939488938e-01,5.035813360645820941e-02,-8.274870079551278732e-20,2.603787413558209876e-20,1.907387798916607702e-01,1.850678772561133149e-17,-1.823797295821247794e-37,5.890309488973730469e-04,-2.496997067563211659e-01,4.245846264811475027e-05,-1.032433712964308636e+00,3.198087512002568467e+00,0.000000000000000000e+00,7.533366984784846121e-01,6.368688353154182691e-01,7.146619922792663004e-02,-1.475619978095425444e-01,-2.049256377751781155e+00,-3.529304328355483467e+00,-8.994911567762905236e+00
8.840000000000000080e-01,3.080814334817962728e-19,2.160527283029846923e-01,-4.794291937289339778e+00,8.979213825501811931e-19,-2.168424968739775804e-01,-7.745738269175637569e+00,9.987215953898379572e-01,5.054873788723811961e-02,-6.426042334505095773e-20,2.698563264529996646e-20,1.909558890034690759e-01,1.850678772561133149e-17,-1.461668200831669494e-52,6.412706947912656360e-04,-2.484759710598935800e-01,4.245846264811475027e-05,-1.095851425159025672e+00,3.196449171239804876e+00,0.000000000000000000e+00,7.535507252066250272e-01,6.341056694849461772e-01,7.485974209751959652e-02,-1.564205196962187017e-01,-2.121953800358460374e+00,-3.487421356504375236e+00,-9.006411274693178370e+00
8.860000000000000098e-01,3.118511423157953218e-19,2.171867520573789456e-01,-4.809741618007808306e+00,1.186712315256195521e-18,-2.178125342686410837e-01,-7.739408884706377556e+00,9.987119192260361933e-01,5.073955454931883269e-02,-4.577213776410137866e-20,2.793340397086958121e-20,1.911677776416172148e-01,1.850678772561133149e-17,2.735695943731867515e-37,6.973959808248765720e-04,-2.472038450778558660e-01,4.245846264811475027e-05,-1.159573382507542938e+00,3.193523732756692546e+00,0.000000000000000000e+00,7.537400609422584274e-01,6.312234571804284933e-01,7.830121246432263094e-02,-1.652326943021916739e-01,-2.219266145870217422e+00,-3.431874924190951859e+00,-9.011365068841632464e+00
8.880000000000000115e-01,3.156231973920664156e-19,2.183234672020437361e-01,-4.825178401431400310e+00,1.474545288068623645e-18,-2.187758807607827760e-01,-7.733013618119970900e+00,9.987021959479376321e-01,5.093057832759341486e-02,-2.728384466671696096e-20,2.888118386928895547e-20,1.913743692806256502e-01,1.850678772561133149e-17,1.823797295821244453e-37,7.578374869789512251e-04,-2.458813771758271705e-01,4.245846264811475027e-05,-1.223535058670100817e+00,3.189312276517049849e+00,0.000000000000000000e+00,7.539184744273446093e-01,6.282080785392641920e-01,8.179968981507214354e-02,-1.739839366981641711e-01,-2.337269022028688248e+00,-3.366882637283342472e+00,-9.010967751134272063e+00
